Title,Date,Views,Likes,ViewsLog,LikesLog,Comments,Category,Duration,VideoID,Extracted,LTV,CTV,Diff,CommentsGroup,DiffGroup
Black Man Helps a MILLIONAIRE Fix Her Broken Car - When She Sees the Necklace Around His Neck...,2025-07-07T18:00:00Z,1,1,0.0,0.0,0,FilmAnimation,1948,-5_nCeJR-VU,2025-7-08T00:00:00Z,1.0,0.0,31,No Comments,<= 1 month
Is The Mazda RX-8 Worth Buying In 2025???,2025-07-07T18:00:38Z,948,49,2.976808337338066,2.976808337338066,24,AutosVehicles,626,bBuZmSt5iV4,2025-7-08T00:00:00Z,0.05168776371308017,0.02531645569620253,31,11-100 Comments,<= 1 month
Dream to become a rider pulsar n160 #n160#pulsarn160 #Ã±16tride#motovlog#rider#bike#night#nightride,2025-07-07T14:22:05Z,1054,23,3.022840610876528,3.022840610876528,0,AutosVehicles,16,2enjXQDHowY,2025-7-08T00:00:00Z,0.021821631878557873,0.0,31,No Comments,<= 1 month
Â¿El MEJOR Carplay ? CARPURIDE W702S PRO ! Review SINCERO y en detalle !!,2025-07-06T18:30:06Z,1285,30,3.1089031276673134,3.1089031276673134,11,AutosVehicles,2483,87ut-a2I8Xs,2025-7-08T00:00:00Z,0.023346303501945526,0.008560311284046693,32,11-100 Comments,<= 1 year
I BOUGHT MY DAD A FLOOD DAMAGED ASTON MARTIN DBX,2025-07-06T17:00:33Z,6095761,236758,6.78502793103234,6.78502793103234,6264,AutosVehicles,2181,Q5BYxD0wvNc,2025-7-08T00:00:00Z,0.0388397773469137,0.0010275993432157199,32,1001+ Comments,<= 1 year
"Prepare for a chilling journey into the depths of fear with ""Horror Daughter!"" ðŸŽƒ",2025-07-05T16:13:51Z,63,1,1.7993405494535817,1.7993405494535817,0,AutosVehicles,43,VVqkBhM4jl0,2025-7-08T00:00:00Z,0.015873015873015872,0.0,33,No Comments,<= 1 year
"Can a 1,000hp BMW M3 beat a Ferrari SF90?",2025-07-05T10:04:00Z,1733874,56781,6.239017534263056,6.239017534263056,3313,AutosVehicles,985,rzQAUODAd4s,2025-7-08T00:00:00Z,0.03274805435689099,0.0019107501467811386,33,1001+ Comments,<= 1 year
"I Bought A Fire-Damaged $2,000,000 Porsche 918 Spyder And Itâ€™s Worse Than You Can Imagine",2025-07-03T17:01:18Z,2465281,101116,6.391866428600712,6.391866428600712,9415,AutosVehicles,3180,tza6FwvFPcM,2025-7-08T00:00:00Z,0.04101601399597044,0.003819037261878058,35,1001+ Comments,<= 1 year
Saved from the Crusher! Peugeot 206 CC With Only 21K Miles â€“ Win It for Â£2.50!,2025-07-02T16:30:08Z,182,10,2.2600713879850747,2.2600713879850747,6,AutosVehicles,805,JJp-ZMtTv5I,2025-7-08T00:00:00Z,0.054945054945054944,0.03296703296703297,36,1-10 Comments,<= 1 year
Own Every Mile with the F4 | VCarts Luxury 4-Seater Golf Cart,2025-07-02T16:00:57Z,67,1,1.8260748027008264,1.8260748027008264,0,AutosVehicles,14,Ve7TNfId308,2025-7-08T00:00:00Z,0.014925373134328358,0.0,36,No Comments,<= 1 year
Easy Cruises with the ECO4 Electric Cart,2025-07-01T19:30:11Z,8,0,0.9030899869919435,0.9030899869919435,0,AutosVehicles,9,ywTL2IdDp6c,2025-7-08T00:00:00Z,0.0,0.0,37,No Comments,<= 1 year
Ford T Bucket Tweedy Pie 1920,2025-06-30T15:24:03Z,31516,933,4.49853109180724,4.49853109180724,26,AutosVehicles,20,LD9IHNoWqrk,2025-7-08T00:00:00Z,0.02960401066125143,0.0008249777890595254,38,11-100 Comments,<= 1 year
She Bought a Mini Bike...,2025-06-28T15:01:00Z,2685648,35727,6.4290490903597215,6.4290490903597215,5241,AutosVehicles,879,WJN6W9bZrRY,2025-7-08T00:00:00Z,0.01330293471072903,0.0019514843345069793,40,1001+ Comments,<= 1 year
The AMG G 63 4x4 Next to Normal People ðŸš˜ðŸ˜‚ #shorts #mercedes #gwagon #suv,2025-06-27T11:27:55Z,1959,37,3.2920344359947364,3.2920344359947364,0,AutosVehicles,14,Te3B00ZgBlM,2025-7-08T00:00:00Z,0.018887187340479835,0.0,41,No Comments,<= 1 year
5 cose che avrei VOLUTO SAPERE prima di iniziare a VIAGGIARE IN MOTO (a lungo)! ðŸ‡§ðŸ‡·,2025-06-26T02:45:14Z,1138,119,3.056142262059052,3.056142262059052,42,AutosVehicles,658,2_GBXPyRsy0,2025-7-08T00:00:00Z,0.10456942003514938,0.03690685413005272,42,11-100 Comments,<= 1 year
"""To feel for the smallest soul...is the greatest sign of a true heart.""#humildade #cat",2025-06-23T04:45:03Z,34057,2168,4.53220638934508,4.53220638934508,90,AutosVehicles,61,rl1e8gyueFQ,2025-7-08T00:00:00Z,0.06365798514255513,0.002642628534515665,45,11-100 Comments,<= 1 year
"""When a Human Becomes a Real-Life Angel ðŸ’ðŸ‘¼""#emocionante #shorts",2025-06-22T15:09:44Z,19115,834,4.281374302355047,4.281374302355047,22,AutosVehicles,56,nA6Dx3w6RGk,2025-7-08T00:00:00Z,0.043630656552445725,0.0011509285901124772,46,11-100 Comments,<= 1 year
"LOS MEJORES AUTOS DEL MERCADO POR $400,000 PESOS DEL 2025",2025-06-21T22:00:46Z,2101,75,3.3224260524059526,3.3224260524059526,11,AutosVehicles,662,dDZrluRHhi0,2025-7-08T00:00:00Z,0.03569728700618753,0.005235602094240838,47,11-100 Comments,<= 1 year
2025 AMG G63 in Hyper Blue magno â€“ The Ultimate Luxury Beast Arrives!,2025-06-20T18:02:21Z,8073,149,3.907034952483417,3.907034952483417,2,AutosVehicles,13,OCCZH6dW-9U,2025-7-08T00:00:00Z,0.01845658367397498,0.0002477393781741608,48,1-10 Comments,<= 1 year
A+ YouTube (et les PREUVES que vous attendiez),2025-06-20T16:15:05Z,1910342,55575,6.281111124010451,6.281111124010451,7631,AutosVehicles,3491,qaKdf-ooBKc,2025-7-08T00:00:00Z,0.029091649558037252,0.003994572699548039,48,1001+ Comments,<= 1 year
Noah Cyrus Joins Country Music in a Big Way!,2025-07-07T15:12:18Z,89,3,1.9493900066449128,1.9493900066449128,2,Music,31,3bjHXvj2gqU,2025-7-08T00:00:00Z,0.033707865168539325,0.02247191011235955,31,1-10 Comments,<= 1 month
VocÃª teria coragem de voar como a Mulher-GaviÃ£o? A harpia faz isso todos os dias!,2025-07-07T14:00:07Z,494,15,2.693726948923647,2.693726948923647,1,PetsAnimals,510,5AMOHOcd5Fk,2025-7-08T00:00:00Z,0.030364372469635626,0.0020242914979757085,31,1-10 Comments,<= 1 month
Cheetah climbing a tree and tiger jumping on an elephant #tigres #shorts,2025-07-07T12:18:36Z,2855560,4465,6.455691289836163,6.455691289836163,10,PetsAnimals,9,LB-WWAlmgT0,2025-7-08T00:00:00Z,0.001563616243398843,3.50194007480144e-06,31,1-10 Comments,<= 1 month
ã‚¯ãƒ¯ã‚¬ã‚¿ã«äººç”Ÿã‚’æ§ã’ãŸéƒ¨å±‹,2025-07-07T11:45:35Z,715952,4593,5.854883906618029,5.854883906618029,71,PetsAnimals,32,2UW92eQZcmE,2025-7-08T00:00:00Z,0.0064152345408630745,9.91686593514649e-05,31,11-100 Comments,<= 1 month
ãƒªã‚¯ã‚¬ãƒ¡ã®ã›ã„ã§ç«äº‹ã«ãªã‚Šã‹ã‘ã¾ã—ãŸâ€¦,2025-07-07T09:41:00Z,595535,3875,5.774907290353124,5.774907290353124,24,PetsAnimals,51,Uer1dFMSRGg,2025-7-08T00:00:00Z,0.006506754430889872,4.0299898410672755e-05,31,11-100 Comments,<= 1 month
Osprey Dangling From A Wire Off A Bridge Flies Free Into The Sky | The Dodo,2025-07-06T23:00:39Z,770943,5889,5.8870222694899015,5.8870222694899015,269,PetsAnimals,104,ci8MHUsf2Jg,2025-7-08T00:00:00Z,0.007638697024293625,0.00034892333155628883,32,101-1000 Comments,<= 1 year
I was organizing a makeshift bed when she got on the blanket #puppy #pitbull #cute #pibble,2025-07-06T06:00:52Z,2,0,0.3010299956639812,0.3010299956639812,0,PetsAnimals,22,y1ph_NpgglI,2025-7-08T00:00:00Z,0.0,0.0,32,No Comments,<= 1 year
Kiss for a treat#staffordshirebullterrier#staffy#staffordshire#puppy#puppylove#puppylife#puppygram,2025-07-05T14:34:37Z,7022,1002,3.8464608251293324,3.8464608251293324,52,PetsAnimals,64,XqmC7j_XYss,2025-7-08T00:00:00Z,0.14269438906294504,0.00740529763600114,33,11-100 Comments,<= 1 year
Unloved and Alone: The Stray Kitten With a Bulging Eye No One Dares to Help | Rescue Animals,2025-07-05T10:00:37Z,226136,5469,5.354369705895991,5.354369705895991,450,PetsAnimals,299,fyKxc43LwpA,2025-7-08T00:00:00Z,0.024184561502812466,0.0019899529486680583,33,101-1000 Comments,<= 1 year
Testing a Kast King Centron Lite Bait Caster. Good or Garbage?,2025-07-07T21:00:26Z,257,10,2.4099331233312946,2.4099331233312946,13,Sports,604,SEd67v2X-qo,2025-7-08T00:00:00Z,0.038910505836575876,0.05058365758754864,31,11-100 Comments,<= 1 month
The Seated Gauntlet | A Tough IDPA Pistol Drill,2025-07-07T19:30:01Z,725,1,2.8603380065709936,2.8603380065709936,1,Sports,30,8cYXr09V5QY,2025-7-08T00:00:00Z,0.001379310344827586,0.001379310344827586,31,1-10 Comments,<= 1 month
Ù…Ø§ÙÙŠ Ø´ÙŠØ¡ ÙŠØ³Ø§Ø¹Ø¯Ùƒ ØªØ¶Ø¨Ø· ØªÙ…Ø§Ø±ÙŠÙ†Ùƒ Ù…Ø«Ù„ Ø³Ø¨ÙˆØ±ØªØ±! ðŸ”¥,2025-07-07T17:00:49Z,367,4,2.5646660642520893,2.5646660642520893,0,Sports,20,eFW8xy0n3u0,2025-7-08T00:00:00Z,0.010899182561307902,0.0,31,No Comments,<= 1 month
"Score a Penalty, Win $500,000",2025-07-07T16:01:10Z,3168519,97125,6.500856315712612,6.500856315712612,3797,Sports,1485,fM34wp6VNpo,2025-7-08T00:00:00Z,0.030653122168432634,0.0011983516589296134,31,1001+ Comments,<= 1 month
The Bass Were Feeding â€“ I Had One Shot with Lures!,2025-07-07T15:39:30Z,13379,335,4.126423653737339,4.126423653737339,53,Sports,1530,YtJTVtpNeUU,2025-7-08T00:00:00Z,0.025039240600941773,0.00396143209507437,31,11-100 Comments,<= 1 month
PLAYING A DEFENSIVE CRICKET SHOT BATTING AT THE CRICKET MATCH,2025-07-07T15:34:23Z,1303,8,3.1149444157125847,3.1149444157125847,0,Sports,7,YM9y-SDGevU,2025-7-08T00:00:00Z,0.0061396776669224865,0.0,31,No Comments,<= 1 month
Epic Women's Bodyboard Adventure in Wild Morocco,2025-07-06T19:00:16Z,537,21,2.7299742856995555,2.7299742856995555,12,Sports,58,JVSTCJ1UGAk,2025-7-08T00:00:00Z,0.03910614525139665,0.0223463687150838,32,11-100 Comments,<= 1 year
A pre-shot routine like youâ€™ve never seen. Andrew Austen locking in at the U.S. Adaptive Open ðŸ’¯,2025-07-06T17:42:30Z,702118,4082,5.846410107061834,5.846410107061834,162,Sports,13,6EdUtRz_rwU,2025-7-08T00:00:00Z,0.005813837560068251,0.00023073044701887716,32,101-1000 Comments,<= 1 year
WWE SMACKDOWN HIGHLIGHTS 7-4-25 (Andrade-Rey FÃ©nix) A NEW TAG TEAM IN TOWN ðŸ”¥ðŸ˜®,2025-07-06T02:00:44Z,606,6,2.782472624166286,2.782472624166286,0,Sports,43,hTNapprhqDA,2025-7-08T00:00:00Z,0.009900990099009901,0.0,32,No Comments,<= 1 year
WWE SMACKDOWN HIGHLIGHTS 7-4-25 (Andrade-Rey FÃ©nix) Blowup a DOMINANT FINISHING MOVE ðŸ”¥ðŸ˜†,2025-07-06T01:41:01Z,10,1,1.0,1.0,0,Sports,156,gUMZmPtav6s,2025-7-08T00:00:00Z,0.1,0.0,32,No Comments,<= 1 year
â±ï¸ MINUTO A MINUTO | Real Madrid vs Borussia Dortmund | FIFA Club World Cup,2025-07-05T22:16:12Z,684800,5566,5.835563751669097,5.835563751669097,52,Sports,9076,oiFvOPP4b9w,2025-7-08T00:00:00Z,0.008127920560747664,7.593457943925234e-05,33,11-100 Comments,<= 1 year
A real frozen jersey for Iceman but something went wrong ðŸ¥¶ #david #iceman #jersey #juventus,2025-07-05T19:05:16Z,470209,8704,5.672290937449342,5.672290937449342,80,Sports,15,5YtSEGekVps,2025-7-08T00:00:00Z,0.01851091748562873,0.00017013710924291113,33,11-100 Comments,<= 1 year
Some moments donâ€™t need a caption ðŸ‘»â“#dance #shorts,2025-07-05T15:35:38Z,1773355,34585,6.248795683772542,6.248795683772542,610,Sports,13,73QyCJObqLQ,2025-7-08T00:00:00Z,0.019502581265454462,0.0003439807596335759,33,101-1000 Comments,<= 1 year
How Pro Table Tennis Blades Are Handmade | A Day in Xi Le Table Tennis Studio,2025-07-05T14:01:18Z,165,4,2.2174839442139063,2.2174839442139063,2,Sports,691,oEcobYAnOVA,2025-7-08T00:00:00Z,0.024242424242424242,0.012121212121212121,33,1-10 Comments,<= 1 year
Salomon Rondon VolviÃ³ a EspaÃ±aâ€¦ y CallÃ³ a Todos los que lo Daban por Terminado,2025-07-05T03:06:16Z,7697,453,3.8863214865594795,3.8863214865594795,54,Sports,326,AvehoC4J_C4,2025-7-08T00:00:00Z,0.058854098999610235,0.007015720410549564,33,11-100 Comments,<= 1 year
Australia A v Sri Lanka A  Highlights | First One Day Match,2025-07-04T09:04:06Z,122958,1483,5.089756790438111,5.089756790438111,92,Sports,591,ixKki8H6s3Y,2025-7-08T00:00:00Z,0.01206102896924153,0.0007482229704451926,34,11-100 Comments,<= 1 year
The NEW TINY Budget Ultralight Fishing Reel,2025-07-04T07:01:36Z,854,32,2.931457870689005,2.931457870689005,25,Sports,337,I8icuxzoHcU,2025-7-08T00:00:00Z,0.03747072599531616,0.02927400468384075,34,11-100 Comments,<= 1 year
Detienen a Julio CÃ©sar ChÃ¡vez Jr. en Estados Unidos; lo seÃ±alan como afiliado del CÃ¡rtel de Sinaloa,2025-07-03T18:27:55Z,538198,3440,5.730942079547064,5.730942079547064,691,Sports,235,Zx0jVgAipMc,2025-7-08T00:00:00Z,0.006391699709029019,0.0012839140985287942,35,101-1000 Comments,<= 1 year
ðŸŽ¥ What Is a Safe Starting Steroid Cycle? | Real Talk with Coach Varun,2025-07-02T17:28:32Z,621,14,2.79309160017658,2.79309160017658,2,Sports,55,8Bef5kQXf3Y,2025-7-08T00:00:00Z,0.02254428341384863,0.00322061191626409,36,1-10 Comments,<= 1 year
Get 3 questions right and win a pair of @locklaces,2025-07-02T12:02:45Z,719,15,2.8567288903828825,2.8567288903828825,2,Sports,81,T19Jdcyvw_w,2025-7-08T00:00:00Z,0.02086230876216968,0.0027816411682892906,36,1-10 Comments,<= 1 year
â±ï¸ MINUTO A MINUTO | Real Madrid vs Juventus FC | FIFA Club World Cup,2025-07-01T21:10:14Z,492686,5214,5.6925702216840195,5.6925702216840195,59,Sports,8738,5b3Ff5GBX6g,2025-7-08T00:00:00Z,0.010582805275571053,0.00011975172828129885,37,11-100 Comments,<= 1 year
rupva a re dhaniya,2025-07-01T07:50:01Z,33,7,1.5185139398778875,1.5185139398778875,2,Sports,17,_zCgqo4dgx4,2025-7-08T00:00:00Z,0.21212121212121213,0.06060606060606061,37,1-10 Comments,<= 1 year
"Bayley and Lyra Valkyria end their match with a barbaric brawl: Raw highlights, June 30, 2025",2025-07-01T00:50:00Z,307293,7237,5.4875526673309025,5.4875526673309025,404,Sports,186,ylaPakJCBTY,2025-7-08T00:00:00Z,0.023550813067658553,0.001314706159919035,37,101-1000 Comments,<= 1 year
"OgÃ¼n ÅžahinoÄŸlu: ""BeÅŸiktaÅŸ'ta Bir Santrfor Daha AlÄ±nacak"" / A Spor / Son Sayfa / 01.07.2025",2025-06-30T22:20:20Z,12344,127,4.091455913055092,4.091455913055092,19,Sports,592,71Xl7G0518Q,2025-7-08T00:00:00Z,0.010288399222294232,0.0015392093324692157,38,11-100 Comments,<= 1 year
GUATEMALA ELIMINÃ“ a CANADÃ en PENALES y REGRESA a SEMIS de COPA ORO luego de 29 aÃ±os | Exclusivos,2025-06-29T23:04:58Z,180540,2386,5.256573438123724,5.256573438123724,315,Sports,1920,QKALehnqQ4Y,2025-7-08T00:00:00Z,0.013215907832059377,0.001744765702891326,39,101-1000 Comments,<= 1 year
tengo ambre hambreâ¤ï¸ðŸ˜”ðŸ«¶ðŸ˜ðŸ˜ðŸ™mandale eso a tu mamÃ¡,2025-06-25T18:38:37Z,116,1,2.0644579892269186,2.0644579892269186,0,Sports,10,kyauA8rIeE8,2025-7-08T00:00:00Z,0.008620689655172414,0.0,43,No Comments,<= 1 year
Adin Ross Says Heâ€™ll NEVER Body a Brand Risk Event in Miami After What Happened with AB ðŸ˜³ðŸ™ðŸ½,2025-06-23T03:46:33Z,18566,120,4.268718346117294,4.268718346117294,0,Sports,12,m9EKSB8nGRE,2025-7-08T00:00:00Z,0.006463427771194657,0.0,45,No Comments,<= 1 year
valeu a ðŸª¶ kkkkkkkkk #djviral #funk #24por48 #funkbrasil #audio #dj #bailedadz7 #musica #brasil,2025-06-22T18:51:46Z,353,3,2.5477747053878224,2.5477747053878224,0,Sports,14,ONkRQnfGn5E,2025-7-08T00:00:00Z,0.0084985835694051,0.0,46,No Comments,<= 1 year
mandale eso a tu mamÃ¡ðŸ˜…ðŸ¤£,2025-06-20T19:06:19Z,1843,18,3.2655253352190736,3.2655253352190736,2,Sports,10,B67ENKxwEUU,2025-7-08T00:00:00Z,0.009766684753119913,0.0010851871947911015,48,1-10 Comments,<= 1 year
"Land On The Player, Perfect Dap! ðŸ¤âš½ï¸",2025-06-19T15:30:01Z,14524537,148171,7.1621022972379285,7.1621022972379285,566,Sports,31,3Be6sgPJ3Gk,2025-7-08T00:00:00Z,0.010201426730504387,3.896853992660833e-05,49,101-1000 Comments,<= 1 year
"A front-row View of smooth net play, Lee Zii Jia approves. ðŸ‘ðŸ’¯ #badminton #shorts #BWF",2025-06-17T12:01:11Z,73061,1465,4.863685612188925,4.863685612188925,14,Sports,24,g0L3Z7f8o5E,2025-7-08T00:00:00Z,0.020051737589137843,0.0001916207005105323,51,11-100 Comments,<= 1 year
Hurts As A True ICT Fan..ðŸ¥ºðŸ’” #cricketâ€‹ #indianbatsman #sg #indiancaptain,2025-06-17T04:01:18Z,2668,54,3.426185825244511,3.426185825244511,0,Sports,16,e7rvCTGRa-o,2025-7-08T00:00:00Z,0.020239880059970013,0.0,51,No Comments,<= 1 year
Fierce from the first shot! ðŸ”¥ #badminton #PearlyTan #ThinaahMuralitharan,2025-06-16T13:30:16Z,92827,1217,4.967674315071443,4.967674315071443,9,Sports,20,AwwkSwdRhrA,2025-7-08T00:00:00Z,0.013110409686836804,9.695454986157045e-05,52,1-10 Comments,<= 1 year
Which Tren Is More Potent?| Tren A vs Tren E vs Tren H Explained,2025-06-16T13:07:08Z,236,7,2.3729120029701067,2.3729120029701067,1,Sports,61,lNbsKBCpiZ8,2025-7-08T00:00:00Z,0.029661016949152543,0.00423728813559322,52,1-10 Comments,<= 1 year
The Rise & Fall of Justin McBride â€“ How GOOD Was He Actually?,2025-06-15T14:30:06Z,4677,21,3.669967369908504,3.669967369908504,1,Sports,564,uFHl0u6r8iM,2025-7-08T00:00:00Z,0.004490057729313663,0.00021381227282446012,53,1-10 Comments,<= 1 year
MYTH BUSTED: Does HGH Powder Go Bad Without a Fridge? ðŸ’‰,2025-06-14T16:31:53Z,1019,7,3.0081741840064264,3.0081741840064264,5,Sports,93,Umr0PCgE8A8,2025-7-08T00:00:00Z,0.0068694798822374874,0.004906771344455349,54,1-10 Comments,<= 1 year
"The Rise And Fall of Bull Riding Legend - Jim Sharp ""The Razor""",2025-06-14T09:11:06Z,3745,30,3.5734518220354854,3.5734518220354854,0,Sports,589,53PkUm8Xcm4,2025-7-08T00:00:00Z,0.00801068090787717,0.0,54,No Comments,<= 1 year
ASTA Fantacalcio PROFETA Vs Abbonati - Lega a 10 - Classic Con Modificatore - Live,2025-06-14T08:08:03Z,0,4,NA,NA,0,Sports,0,y59LsVhibNM,2025-7-08T00:00:00Z,NA,NA,54,No Comments,<= 1 year
That time Michael Jordan shot a commercial with a Hitler Mustache,2025-06-12T01:00:02Z,229,11,2.359835482339888,2.359835482339888,7,Sports,139,2TcEEqPHQsQ,2025-7-08T00:00:00Z,0.048034934497816595,0.03056768558951965,56,1-10 Comments,<= 1 year
Can I Break a Public Course Record in One Try? (Water Everywhere),2025-06-11T18:30:34Z,3425963,73971,6.534782668325171,6.534782668325171,4308,Sports,2124,GGuLAZG-ll0,2025-7-08T00:00:00Z,0.021591301482240175,0.0012574566625500627,57,1001+ Comments,<= 1 year
NYC: Whitney Museum Best Summer Exhibitions | The High Line | Pizza Napoletana Meatpacking District,2025-07-07T22:01:07Z,9375,209,3.9719712763997563,3.9719712763997563,37,TravelEvents,573,uube3oB5UEY,2025-7-08T00:00:00Z,0.02229333333333333,0.003946666666666667,31,11-100 Comments,<= 1 month
Abbottabad | Where Silence Meets Scenery ðŸŒ²ðŸ‡µðŸ‡°,2025-07-07T20:14:07Z,402,18,2.60422605308447,2.60422605308447,10,TravelEvents,19,2XYaGfY1yl8,2025-7-08T00:00:00Z,0.04477611940298507,0.024875621890547265,31,1-10 Comments,<= 1 month
The Mistake That Changed Everything!,2025-07-07T19:42:56Z,715,7,2.8543060418010806,2.8543060418010806,0,TravelEvents,14,hTfB8UvGlhQ,2025-7-08T00:00:00Z,0.009790209790209791,0.0,31,No Comments,<= 1 month
Â¡Descubre los secretos de la Fontana di Trevi en Roma!,2025-07-07T17:00:06Z,180,8,2.255272505103306,2.255272505103306,0,TravelEvents,789,DPVDgxlEgRo,2025-7-08T00:00:00Z,0.044444444444444446,0.0,31,No Comments,<= 1 month
Let's Try a Mango from THAILAND,2025-07-06T05:57:31Z,564510,18306,5.751671639629192,5.751671639629192,779,TravelEvents,53,t-D-pMZZWpw,2025-7-08T00:00:00Z,0.03242812350534092,0.001379957839542258,32,101-1000 Comments,<= 1 year
#trending â€œChris Breezyâ€ in June 21 2025 Letâ€™s go! Itâ€™s a Breezy Bowl year! #shorts  #travel #music,2025-07-06T04:01:17Z,1617,69,3.208710019906401,3.208710019906401,3,TravelEvents,59,xKOCW3EkPH4,2025-7-08T00:00:00Z,0.04267161410018553,0.0018552875695732839,32,1-10 Comments,<= 1 year
:ðŸŽ¥ Foi IncrÃ­vel! Passeio de Buggy e Lancha em Maragogi â€“ Vale a Pena? Veja Tudo!,2025-07-05T23:00:06Z,84,2,1.9242792860618816,1.9242792860618816,2,TravelEvents,801,zoHtsdZ0WwA,2025-7-08T00:00:00Z,0.023809523809523808,0.023809523809523808,33,1-10 Comments,<= 1 year
A Day in the Life of a Lonely Woman in the Mountains! Making Cherry Pies,2025-07-05T15:01:15Z,432710,10387,5.63619693193234,5.63619693193234,857,TravelEvents,2197,kWWByKsTXDQ,2025-7-08T00:00:00Z,0.02400452959256777,0.0019805412400915163,33,101-1000 Comments,<= 1 year
The Last Stop For Millionaires - A Peaceful Walk Through The Beautiful Lauterbrunnen Valley,2025-07-05T11:00:45Z,134324,2583,5.128153616066725,5.128153616066725,142,TravelEvents,3019,Kz6VKIzLaNE,2025-7-08T00:00:00Z,0.019229623894464132,0.0010571454096066227,33,101-1000 Comments,<= 1 year
Can Someone Pinch Us? Overlanding from Kruger into Mozambique [Ep 17],2025-07-05T06:00:06Z,1871,76,3.27207378750001,3.27207378750001,14,TravelEvents,2061,7e6Tc616exA,2025-7-08T00:00:00Z,0.040619989310529125,0.0074826296098343134,33,11-100 Comments,<= 1 year
"Samurai Swords, Ramen & Vending Machines - A Day in Osaka",2025-07-05T02:51:41Z,204,3,2.3096301674258988,2.3096301674258988,0,TravelEvents,377,l4E0rX8Pf4c,2025-7-08T00:00:00Z,0.014705882352941176,0.0,33,No Comments,<= 1 year
Ilhabela: A Pedra que CANTA de Verdade! ðŸ˜± MistÃ©rio InacreditÃ¡vel na Praia do Sino,2025-07-04T21:00:55Z,24,3,1.380211241711606,1.380211241711606,0,TravelEvents,208,tCYrg33PWQ8,2025-7-08T00:00:00Z,0.125,0.0,34,No Comments,<= 1 year
A Day Creating Content That Actually Makes Money,2025-07-04T13:00:19Z,147,15,2.167317334748176,2.167317334748176,8,TravelEvents,1646,Arp7un_SeUU,2025-7-08T00:00:00Z,0.10204081632653061,0.05442176870748299,34,1-10 Comments,<= 1 year
4 Days in Hong Kong 2025 â€“ A Travel Guide for First-Time Visitors,2025-07-03T11:40:06Z,84024,1068,4.924403352476639,4.924403352476639,70,TravelEvents,1235,_tvKLm2YCEU,2025-7-08T00:00:00Z,0.012710654098828905,0.0008330953061030182,35,11-100 Comments,<= 1 year
Would you dare to walk to the edge of the world? Comment YES or NO below ðŸ‘‡#viral  #srilanka #viral,2025-07-01T23:28:22Z,77,12,1.8864907251724818,1.8864907251724818,11,TravelEvents,21,e7xSNquPSlc,2025-7-08T00:00:00Z,0.15584415584415584,0.14285714285714285,37,11-100 Comments,<= 1 year
ÐÐ Ð›ÐžÐ”ÐšÐ• Ñ ÐÐžÐ’ÐžÐ ÐžÐ–Ð”Ð•ÐÐÐ«Ðœ Ð¿Ð¾ ÐÐ Ð“Ð•ÐÐ¢Ð˜ÐÐ• (Ñ€ÐµÑ‚Ñ€Ð¾-Ð°Ð²Ñ‚Ð¾Ð¿Ñ€Ð¾Ð±ÐµÐ³ Ð² Ð¢Ð˜Ð“Ð Ð•),2025-06-30T15:00:06Z,1027,89,3.0115704435972783,3.0115704435972783,28,TravelEvents,650,rC4lrCI74kw,2025-7-08T00:00:00Z,0.0866601752677702,0.027263875365141188,38,11-100 Comments,<= 1 year
ðŸ´ó §ó ¢ó ³ó £ó ´ó ¿ Testingï½œCamping in the Lost Valley of Scotlandï½œYang Chow Fried Rice,2025-06-30T13:16:00Z,70,6,1.845098040014257,1.845098040014257,0,TravelEvents,1504,JAixqnqnQ7o,2025-7-08T00:00:00Z,0.08571428571428572,0.0,38,No Comments,<= 1 year
What a beautiful view of the bargo ðŸ˜ #exploregb#nature #mountains#travel#travelvlog #gilgitbaltistan,2025-06-29T08:49:10Z,9,2,0.9542425094393249,0.9542425094393249,0,TravelEvents,12,VzcH6JEGL70,2025-7-08T00:00:00Z,0.2222222222222222,0.0,39,No Comments,<= 1 year
The Asante Empire's Quest for Independence: A Fight Against Colonialism,2025-06-28T14:00:06Z,7461,180,3.8727970399895986,3.8727970399895986,240,TravelEvents,3881,ITOEfBRVyPY,2025-7-08T00:00:00Z,0.024125452352231604,0.03216726980297547,40,101-1000 Comments,<= 1 year
Bunker sul confine cecoslovacco a Å atov â€“ Interni del bunker MJ/S3 Zahrada ðŸ‡¨ðŸ‡¿,2025-06-28T11:24:36Z,26,3,1.414973347970818,1.414973347970818,0,TravelEvents,664,n4vvGUrMnZU,2025-7-08T00:00:00Z,0.11538461538461539,0.0,40,No Comments,<= 1 year
ðŸ‘¶ Brainrot Babies Disneyland Vlog ðŸ°ðŸ¼,2025-06-25T02:30:01Z,1276381,11835,6.1059803307325575,6.1059803307325575,35,TravelEvents,14,a-HFcOtrCpU,2025-7-08T00:00:00Z,0.00927230975703963,2.742127938288019e-05,43,11-100 Comments,<= 1 year
Shelter in a huge stump,2025-06-24T11:08:45Z,4272,105,3.6306312440205,3.6306312440205,11,TravelEvents,1014,BVVyknCFcig,2025-7-08T00:00:00Z,0.02457865168539326,0.0025749063670411983,44,11-100 Comments,<= 1 year
A short trip to sylhet city &Enjoy Nice Moment #shortvideo #lovesong,2025-06-24T06:08:44Z,371,6,2.569373909615046,2.569373909615046,2,TravelEvents,36,r_E1pPbyI5I,2025-7-08T00:00:00Z,0.016172506738544475,0.005390835579514825,44,1-10 Comments,<= 1 year
Charles Bridge Sunny Walk â€“ A Peaceful Stroll Through Prague's @see-walk #walkingtours,2025-06-23T10:00:06Z,123,3,2.089905111439398,2.089905111439398,0,TravelEvents,803,cZm_h3oHDaE,2025-7-08T00:00:00Z,0.024390243902439025,0.0,45,No Comments,<= 1 year
Cape Townâ€™s Hidden History Revealed | A Walking Tour from Castle of Good Hope to Slave Lodge in 4K,2025-06-22T09:00:06Z,126,6,2.100370545117563,2.100370545117563,3,TravelEvents,3394,I64o4oDoYeE,2025-7-08T00:00:00Z,0.047619047619047616,0.023809523809523808,46,1-10 Comments,<= 1 year
"Ð¡Ð°Ð¼Ð°Ñ Ð±Ð¾Ð³Ð°Ñ‚Ð°Ñ Ð¸ Ð±ÐµÐ·Ð¾Ð¿Ð°ÑÐ½Ð°Ñ ÑÑ‚Ñ€Ð°Ð½Ð°, Ð² ÐºÐ¾Ñ‚Ð¾Ñ€Ð¾Ð¹ Ð½ÐµÑ‚ Ñ‚ÑƒÑ€Ð¸ÑÑ‚Ð¾Ð²",2025-06-21T08:00:06Z,606376,8162,5.782742003847888,5.782742003847888,1174,TravelEvents,2081,r0YjI5DitgQ,2025-7-08T00:00:00Z,0.013460295262345476,0.0019360924574851248,47,1001+ Comments,<= 1 year
The Kalahari Stole Our Hearts: Overlanding South Africa's Northern Cape [Ep 16],2025-06-21T06:00:42Z,4280,98,3.6314437690131722,3.6314437690131722,11,TravelEvents,1699,hpdVj2aOrqM,2025-7-08T00:00:00Z,0.022897196261682243,0.0025700934579439253,47,11-100 Comments,<= 1 year
A Ngá»c Tony TV l Thá»­ ThÃ¡ch LÃ m NÆ°á»›c Giáº£i KhÃ¡t Trong MÃ¹a HÃ¨,2025-06-21T02:00:59Z,94409,811,4.975013397518679,4.975013397518679,58,TravelEvents,1056,wqCYDDgDyNY,2025-7-08T00:00:00Z,0.008590282706097935,0.0006143482083275959,47,11-100 Comments,<= 1 year
UNSEEN Sri Lanka - Secret Places Kept Hidden From the World,2025-06-19T15:15:41Z,146,1,2.164352855784437,2.164352855784437,0,TravelEvents,2009,kVsBPAusaho,2025-7-08T00:00:00Z,0.00684931506849315,0.0,49,No Comments,<= 1 year
I Spent a Whole Day Foraging for Nettle in the Jungle and Here's What Happened,2025-06-18T10:08:22Z,41,11,1.6127838567197355,1.6127838567197355,13,TravelEvents,525,1eP3oVR-5_s,2025-7-08T00:00:00Z,0.2682926829268293,0.3170731707317073,50,11-100 Comments,<= 1 year
Somebody put this song in a movie !!!! #fypp #foryou #theblues,2025-06-18T05:52:24Z,5267,639,3.721563318357481,3.721563318357481,15,TravelEvents,60,5xqsAFK2014,2025-7-08T00:00:00Z,0.1213214353521929,0.0028479210176571104,50,11-100 Comments,<= 1 year
We Took Our 90-Year-Old â€œFairy Grandmotherâ€ on a Disney Cruise to Meet Princesses ðŸ‘‘,2025-06-18T01:00:17Z,289,7,2.4608978427565478,2.4608978427565478,0,TravelEvents,1402,7uklnu2d42s,2025-7-08T00:00:00Z,0.02422145328719723,0.0,50,No Comments,<= 1 year
What Happens When Your Car Ride Feels Like a Vacation?,2025-06-17T17:30:06Z,962,1,2.983175072037813,2.983175072037813,0,TravelEvents,32,RjUZzg-fMuA,2025-7-08T00:00:00Z,0.0010395010395010396,0.0,51,No Comments,<= 1 year
Laurel Goodwin on Being a Contract Player,2025-06-17T15:03:22Z,2292,48,3.3602146132953523,3.3602146132953523,0,TravelEvents,42,jxTwQCjG7Qo,2025-7-08T00:00:00Z,0.020942408376963352,0.0,51,No Comments,<= 1 year
#trending â€œRioâ€™s Rideâ€ Thoughts of a #dj #music #freestyle #rap â€œKEEP ROLLING #viralvideo #travel,2025-06-17T04:00:07Z,397,3,2.598790506763115,2.598790506763115,0,TravelEvents,86,4zi0sc58WzU,2025-7-08T00:00:00Z,0.007556675062972292,0.0,51,No Comments,<= 1 year
The first religion in Africa: VOODOO,2025-06-16T12:01:27Z,1057,17,3.024074987307426,3.024074987307426,11,TravelEvents,1248,qhdDgEJ-Ges,2025-7-08T00:00:00Z,0.01608325449385052,0.010406811731315043,52,11-100 Comments,<= 1 year
Â¿QuiÃ©n MATÃ“ a ACENIX? ðŸ©¸ðŸ”ª,2025-07-07T21:53:44Z,1602830,17998,6.204887462480731,6.204887462480731,790,Gaming,1983,WUqorGL4jok,2025-7-08T00:00:00Z,0.011228888902753255,0.0004928782216454645,31,101-1000 Comments,<= 1 month
I Bought A Hyperkin Retron 5 BEFORE Prices Go UP... REVIEW!,2025-07-07T21:01:02Z,387,7,2.5877109650189114,2.5877109650189114,0,Gaming,540,ll46BG_YTvc,2025-7-08T00:00:00Z,0.01808785529715762,0.0,31,No Comments,<= 1 month
ðŸ©¸ A ÃšNICA REGRA: NÃƒO FALHAR | OFFSET ROLEPLAY | Parte 1,2025-07-07T20:32:30Z,278,42,2.444044795918076,2.444044795918076,28,Gaming,1192,ELfHCe4HmIg,2025-7-08T00:00:00Z,0.1510791366906475,0.10071942446043165,31,11-100 Comments,<= 1 month
Biggest Fruit in 1 Hour Wins! (Grow A Garden),2025-07-07T16:20:17Z,607462,5377,5.783519115675316,5.783519115675316,345,Gaming,1286,5d4kG5KQVdw,2025-7-08T00:00:00Z,0.008851582485818042,0.0005679367598302445,31,101-1000 Comments,<= 1 month
A QUEDA da Franquia NEED FOR SPEED!,2025-07-07T14:35:10Z,144,15,2.1583624920952498,2.1583624920952498,3,Gaming,361,3P6Pz6tiwVc,2025-7-08T00:00:00Z,0.10416666666666667,0.020833333333333332,31,1-10 Comments,<= 1 month
A maior trollagem de todas,2025-07-07T14:01:08Z,3653813,14464,6.562746316649169,6.562746316649169,69,Gaming,5,ctBOeoR50zk,2025-7-08T00:00:00Z,0.003958604340178329,1.8884381877233456e-05,31,11-100 Comments,<= 1 month
I Grew EVERY MUTATIONS on the MOST EXPENSIVE BONE BLOSSOM... (Grow a Garden),2025-07-07T13:23:01Z,258204,2473,5.41196296591054,5.41196296591054,689,Gaming,1420,ess1brkHU-s,2025-7-08T00:00:00Z,0.009577698254093662,0.0026684327121190995,31,101-1000 Comments,<= 1 month
Ø¹Ù…Ù„Øª Ø­Ø¯ÙŠÙ‚Ø© | Grow a Garden,2025-07-07T13:01:36Z,880916,20846,5.944934498110413,5.944934498110413,4098,Gaming,1122,la9Z_-WHE1I,2025-7-08T00:00:00Z,0.02366400428644729,0.004651975897815456,31,1001+ Comments,<= 1 month
"I bought an abandoned farm, but it has a terrifying secret...",2025-07-07T12:43:03Z,105189,5001,5.021970326423434,5.021970326423434,490,Gaming,2757,7pEYONEwrCg,2025-7-08T00:00:00Z,0.047542994039300686,0.004658281759499568,31,101-1000 Comments,<= 1 month
When you play 2 truths and a lie ðŸ’€ #minecraft #minecraftmemes #memes #shorts #minecraftshorts #viral,2025-07-07T12:17:16Z,23613,409,4.373151167115889,4.373151167115889,6,Gaming,20,VmfOsJ9oZvM,2025-7-08T00:00:00Z,0.017320967263795367,0.00025409731927328164,31,1-10 Comments,<= 1 month
I Unlocked SECRET CANDY BASE in Roblox Steal a Brainrot!,2025-07-07T10:34:50Z,398160,2663,5.600057627735967,5.600057627735967,346,Gaming,1749,xmXUwX3bEII,2025-7-08T00:00:00Z,0.006688266023709062,0.0008689973879847298,31,101-1000 Comments,<= 1 month
I got the new secrets and became the best Roblox Steal A Deadly Rails,2025-07-07T09:59:39Z,504665,2362,5.703003186180194,5.703003186180194,217,Gaming,613,Z_AN6jiJ1tc,2025-7-08T00:00:00Z,0.0046803324977955675,0.00042998821000069356,31,101-1000 Comments,<= 1 month
"Owner STEAL A BRAINROT Kasih Challenge IMPOSSIBLE, Kalo Berhasil Jadi ADMIN?!",2025-07-07T09:06:12Z,518213,30561,5.714508303588918,5.714508303588918,987,Gaming,656,Nz_y-WKYOPU,2025-7-08T00:00:00Z,0.058973819645589745,0.0019046222306271746,31,101-1000 Comments,<= 1 month
Â¡ABRO +100 HUEVOS para CONSEGUIR TODOS los DINOSAURIOS en Grow A Garden!,2025-07-07T01:58:44Z,454964,4908,5.6579770335364685,5.6579770335364685,628,Gaming,1845,oIYkzji5GGA,2025-7-08T00:00:00Z,0.01078766671648746,0.0013803289930631873,31,101-1000 Comments,<= 1 month
Si tu perro empieza a actuar como humanoâ€¦ SÃCALO Y NO LE ABRAS LA PUERTA ESTA NOCHE| CREEPYPASTA P.3,2025-07-07T01:45:02Z,661730,5370,5.8206808241390116,5.8206808241390116,613,Gaming,1048,FZShW1KR2L4,2025-7-08T00:00:00Z,0.008115092258171763,0.000926359693530594,31,101-1000 Comments,<= 1 month
SECRET DOLLAR ONLY SHOP from Owner Of Grow a Garden!,2025-07-06T22:04:54Z,9892703,590717,6.995314970828414,6.995314970828414,71287,Gaming,42,Pom0G5X7Odw,2025-7-08T00:00:00Z,0.0597123960963955,0.007206018415795966,32,1001+ Comments,<= 1 year
Solo puedes salvar a 2 jugadores ðŸ˜­ðŸ’” #shorts #squidgame,2025-07-06T20:13:19Z,5925849,455665,6.772750580775102,6.772750580775102,31060,Gaming,17,HO4QoEs4XBg,2025-7-08T00:00:00Z,0.07689446693629892,0.005241443040482469,32,1001+ Comments,<= 1 year
I FINALLY Got It.. (Grow a Garden),2025-07-06T19:06:58Z,408379,5036,5.611063401341884,5.611063401341884,861,Gaming,1147,kJvC-By-S1c,2025-7-08T00:00:00Z,0.01233168208943163,0.002108335639197902,32,101-1000 Comments,<= 1 year
How Fast Can I Get Burning Bud on Grow a Garden!,2025-07-06T18:38:49Z,1299939,9898,6.113922973395331,6.113922973395331,3818,Gaming,3712,-muV0-yZrv4,2025-7-08T00:00:00Z,0.007614203435699675,0.0029370608928572803,32,1001+ Comments,<= 1 year
I Grew an ALL RAINBOW Bone Blossom in Grow a Garden,2025-07-06T16:56:55Z,440734,6893,5.644176555031851,5.644176555031851,1071,Gaming,1031,z-acVQ51Q6Q,2025-7-08T00:00:00Z,0.015639819029164982,0.0024300371652742924,32,1001+ Comments,<= 1 year
Ich KLAUE das *NEUE* OP SECRET in Steal a Brainrot!,2025-07-06T16:08:20Z,171335,2883,5.233846088909559,5.233846088909559,252,Gaming,1159,PJubI-r4gAE,2025-7-08T00:00:00Z,0.01682668456532524,0.001470802813202206,32,101-1000 Comments,<= 1 year
J'ai RecommencÃ© avec une Graine d'Administrateur â€¦ (Grow A Garden),2025-07-06T16:00:07Z,230002,7418,5.361731612474929,5.361731612474929,719,Gaming,810,50F8HWwfwgw,2025-7-08T00:00:00Z,0.03225189346179599,0.003126059773393275,32,101-1000 Comments,<= 1 year
Starting Over in Grow a Garden but Only USING ANCIENT Seed Packs,2025-07-06T14:07:22Z,845409,4538,5.927066866901483,5.927066866901483,589,Gaming,1744,dki6UHXeCCM,2025-7-08T00:00:00Z,0.005367816051165767,0.0006967041987960856,32,101-1000 Comments,<= 1 year
The Origin Of The Creaking,2025-07-06T14:03:00Z,541550,10247,5.7336385601702595,5.7336385601702595,577,Gaming,665,gNC4AldIaR8,2025-7-08T00:00:00Z,0.018921613886067768,0.0010654602529775643,32,101-1000 Comments,<= 1 year
Becoming a Pro Mario Kart World Player in 10 days,2025-07-06T13:01:46Z,25702,2278,4.409966919252241,4.409966919252241,172,Gaming,1704,wPqKgyIfT78,2025-7-08T00:00:00Z,0.08863123492335227,0.006692086218971286,32,101-1000 Comments,<= 1 year
Her EVIL stepmother turned her into a DOLLâ€¦ðŸ˜±ðŸ˜­,2025-07-06T12:00:53Z,1846528,70439,6.266355897501915,6.266355897501915,1297,Gaming,57,OtOYXf6DMGs,2025-7-08T00:00:00Z,0.038146727263274643,0.0007023993137390822,32,1001+ Comments,<= 1 year
Minecraft Manhunt mais il y'a des MOBS CHEATÃ‰S..,2025-07-06T08:01:00Z,177809,7096,5.249953739488048,5.249953739488048,187,Gaming,1619,ktu4EtAK8Pg,2025-7-08T00:00:00Z,0.03990799115905269,0.0010516902968916084,32,101-1000 Comments,<= 1 year
I STOLE The OWNER'S 3 RAREST BRAINROTS..,2025-07-06T07:32:18Z,3159720,32319,6.499648599123878,6.499648599123878,4420,Gaming,663,kL8zVxSWeyQ,2025-7-08T00:00:00Z,0.010228437962857469,0.0013988581266694516,32,1001+ Comments,<= 1 year
July codes GROW A GARDEN ROBLOX CODES 2025 - GROW A GARDEN CODES 2025,2025-07-06T06:11:59Z,134,1,2.1271047983648077,2.1271047983648077,0,Gaming,25,EdGfsaImHHc,2025-7-08T00:00:00Z,0.007462686567164179,0.0,32,No Comments,<= 1 year
Me Hice pasar por BRAINROT para EngaÃ±ar a Mis Amigos en Steal a Brainrot!,2025-07-06T03:39:36Z,2232256,19514,6.348743998962663,6.348743998962663,1234,Gaming,1553,Fb_Lq7soAdM,2025-7-08T00:00:00Z,0.008741828894177012,0.0005528039794718885,32,1001+ Comments,<= 1 year
The ONE COLOR Brainrot CHALLENGE In Steal A Brainrot!,2025-07-05T22:26:13Z,628130,4160,5.798049536157326,5.798049536157326,336,Gaming,1006,QGAPDcYXJqk,2025-7-08T00:00:00Z,0.006622832853071817,0.0005349211150558005,33,101-1000 Comments,<= 1 year
I Grew The Biggest And Rarest Burning Bud In Grow A Garden!,2025-07-05T22:00:08Z,542282,3949,5.734225189111072,5.734225189111072,269,Gaming,626,7upBP7aHh0Y,2025-7-08T00:00:00Z,0.007282188971789586,0.0004960518696914152,33,101-1000 Comments,<= 1 year
Este Vazamento de The Isle Muda TUDO em 2025! (Devs Confirmam),2025-07-05T21:00:06Z,255,16,2.406540180433955,2.406540180433955,4,Gaming,475,nXajBwDIjYQ,2025-7-08T00:00:00Z,0.06274509803921569,0.01568627450980392,33,1-10 Comments,<= 1 year
Having a BABY WOLF FAMILY in Minecraft!,2025-07-05T20:10:52Z,869815,14441,5.93942689282237,5.93942689282237,1451,Gaming,1331,KZDs38-VPg8,2025-7-08T00:00:00Z,0.016602380966067497,0.0016681708179325488,33,1001+ Comments,<= 1 year
Cops vs Robbers in STEAL A BRAINROT!,2025-07-05T19:57:11Z,414091,3739,5.617095791495344,5.617095791495344,318,Gaming,972,QwvnFFNUj6o,2025-7-08T00:00:00Z,0.009029416239425634,0.0007679471420533168,33,101-1000 Comments,<= 1 year
A XamÃ£ de Round 6 NÃƒO ERA LOUCA #shorts,2025-07-05T17:00:04Z,7170378,305061,6.855542050924006,6.855542050924006,1161,Gaming,59,38tcabkzBVg,2025-7-08T00:00:00Z,0.042544618986614095,0.00016191615002723707,33,1001+ Comments,<= 1 year
FASTEST METHOD To FARM BONE BLOSSOM SEEDS! (Grow a Garden),2025-07-05T14:32:19Z,1036932,12710,6.015750277128602,6.015750277128602,1895,Gaming,532,WFU8X2Ppv1E,2025-7-08T00:00:00Z,0.01225731291926568,0.0018275065288755675,33,1001+ Comments,<= 1 year
ROUBEI O BRAINROT DA MINHA MÃƒE GRÃVIDA! ðŸ«£ ROBLOX Steal a Brainrot,2025-07-05T14:01:21Z,316167,12331,5.499916538379824,5.499916538379824,873,Gaming,1198,qd7htPB6xe0,2025-7-08T00:00:00Z,0.03900154032520788,0.002761198986611506,33,101-1000 Comments,<= 1 year
PALDO SA STEAL A BRAINROT - Roblox,2025-07-05T10:41:34Z,361527,2713,5.558140737351531,5.558140737351531,454,Gaming,1268,ym-hA0gnQtI,2025-7-08T00:00:00Z,0.007504280454848462,0.0012557844918913387,33,101-1000 Comments,<= 1 year
Live ðŸ”´ | LAVA EVENT COUNTDOWN & EVENTS in Steal a Brainrot,2025-07-04T23:45:00Z,2327379,13141,6.3668671113512065,6.3668671113512065,0,Gaming,0,fqMpbF9ZDQI,2025-7-08T00:00:00Z,0.005646265606074473,0.0,34,No Comments,<= 1 year
LE COMPRO TODA LA TIENDA PRIME A UN SUSCRIPTOR Y LO SUBO A NIVEL 8 en FREE FIRE !! - TheDonato,2025-07-04T22:39:24Z,1124813,64415,6.051080327053095,6.051080327053095,2402,Gaming,549,ykUjotjjh4k,2025-7-08T00:00:00Z,0.05726729687512502,0.00213546607302725,34,1001+ Comments,<= 1 year
NUNCA INTENTES DERROTAR a el CIERVO de ESTE BOSQUE!! ðŸ’€ðŸ”ªÂ¿Lo logramos? @YoSoyDiego_2007,2025-07-04T22:34:35Z,1122339,12357,6.050124054417922,6.050124054417922,917,Gaming,1626,oqRgAs6HIJo,2025-7-08T00:00:00Z,0.01101004242033824,0.0008170436917900919,34,101-1000 Comments,<= 1 year
ROBÃ‰ ITALIAN BRAINROT SECRETOS CON SUERTE INFINITA COMPLETO (STEAL A BRAINROT ROBLOX),2025-07-04T21:15:03Z,1660143,8782,6.2201454985437294,6.2201454985437294,549,Gaming,1485,uS1i8vjie5g,2025-7-08T00:00:00Z,0.005289905749083061,0.0003306944040362788,34,101-1000 Comments,<= 1 year
Build A Rocket Boy Faces Second Wave of Layoffs After MindsEye Collapse,2025-07-04T19:55:56Z,37,0,1.568201724066995,1.568201724066995,0,Gaming,9,uuzyuEKWDZs,2025-7-08T00:00:00Z,0.0,0.0,34,No Comments,<= 1 year
We Put A HIDDEN CAMERA In MANGO'S ROOM...,2025-07-04T13:00:20Z,1213478,18732,6.084031907107829,6.084031907107829,5723,Gaming,918,BCmAX-oTfB0,2025-7-08T00:00:00Z,0.015436621018263206,0.004716195926090131,34,1001+ Comments,<= 1 year
Owner GROW A GARDEN Kasih Aku SEMUA CUACA di SERVER RAHASIA Ini!,2025-07-04T12:05:43Z,731998,6664,5.864509894459825,5.864509894459825,1145,Gaming,2826,RX2akQMGQfs,2025-7-08T00:00:00Z,0.009103850010519155,0.0015642119240762953,34,1001+ Comments,<= 1 year
send this to a pianist to make them mad,2025-07-04T11:36:50Z,18302,211,4.262498551014768,4.262498551014768,23,Gaming,6,19sXzaAKXPc,2025-7-08T00:00:00Z,0.011528794667249482,0.001256693257567479,34,11-100 Comments,<= 1 year
I Grew EVERY MUTATION On FIREWORK FLOWER In Roblox Grow A Garden...,2025-07-04T08:10:28Z,1577950,16530,6.198093237740243,6.198093237740243,1965,Gaming,609,DJj06Yg3sfE,2025-7-08T00:00:00Z,0.010475617098133655,0.0012452866060394816,34,1001+ Comments,<= 1 year
Attempting to win a solo game as a Squad Player!,2025-07-04T03:00:25Z,7,2,0.8450980400142568,0.8450980400142568,2,Gaming,526,BJSI__2z7SQ,2025-7-08T00:00:00Z,0.2857142857142857,0.2857142857142857,34,1-10 Comments,<= 1 year
I Stole A FULL BASE OF EVERY SECRET BRAIN ROTS IN STEAL A BRAINROT!,2025-07-04T01:04:44Z,252801,1610,5.4027787875439826,5.4027787875439826,135,Gaming,9998,CqMCEzQoldM,2025-7-08T00:00:00Z,0.006368645693648364,0.0005340168749332479,34,101-1000 Comments,<= 1 year
Making a RAINBOW BASE In Steal a Brainrot,2025-07-07T23:30:15Z,1250316,8114,6.097019788778009,6.097019788778009,342,PeopleBlogs,5792,qr4sekbtxGM,2025-7-08T00:00:00Z,0.006489559439373726,0.0002735308514007659,31,101-1000 Comments,<= 1 month
A 70 Pound Disabled Tortoise Named George Bailey Is On The Move Again With His Custom Wheelchair,2025-07-07T23:00:43Z,35708,1181,4.552765526101823,4.552765526101823,21,PeopleBlogs,6,c_OHvjopaoI,2025-7-08T00:00:00Z,0.03307382099249468,0.0005881035062170943,31,11-100 Comments,<= 1 month
IMITAMOS A NUESTROS HERMANOS | LOS POLINESIOS,2025-07-07T21:55:11Z,2762682,115648,6.441330898093021,6.441330898093021,1877,PeopleBlogs,822,2h7jm5nGbjg,2025-7-08T00:00:00Z,0.04186077152564066,0.0006794122522968622,31,1001+ Comments,<= 1 month
QUERIDINHOS DA NOVA COLEÃ‡ÃƒO | Montaria | Crente Chic,2025-07-07T18:28:07Z,4585,233,3.66133934000604,3.66133934000604,9,PeopleBlogs,295,4g3gXnVw-w8,2025-7-08T00:00:00Z,0.050817884405670664,0.0019629225736095966,31,1-10 Comments,<= 1 month
Building a NFL team out of Texas teams. Credits to @CycloneProductionsYT for idea #shorts,2025-07-07T18:26:38Z,1958,26,3.291812687467119,3.291812687467119,9,PeopleBlogs,35,Imw4Fo3fhIc,2025-7-08T00:00:00Z,0.013278855975485188,0.004596527068437181,31,1-10 Comments,<= 1 month
STUCK In A Car With Vanilla Mace,2025-07-07T18:23:51Z,888685,46496,5.948747849829341,5.948747849829341,1457,PeopleBlogs,1323,QMilQreV-7g,2025-7-08T00:00:00Z,0.052320000900206484,0.001639501060555765,31,1001+ Comments,<= 1 month
Life Million Years Ago | A Million-Year Struggle for Survival,2025-07-07T13:06:52Z,1359789,12605,6.13347152363128,6.13347152363128,186,PeopleBlogs,5214,LSpNm2bLnJI,2025-7-08T00:00:00Z,0.009269820538333522,0.00013678592781674216,31,101-1000 Comments,<= 1 month
"A Place in the Sun: Orihuela Costa, Spain - Karen and Paul's family, for Â£75,000?",2025-07-07T13:00:06Z,479,2,2.680335513414563,2.680335513414563,1,PeopleBlogs,3073,eyvlxVFhjMM,2025-7-08T00:00:00Z,0.0041753653444676405,0.0020876826722338203,31,1-10 Comments,<= 1 month
Itt az igazsÃ¡g Kapu Tibor Å±rutazÃ¡sÃ¡rÃ³l: ennyibe kerÃ¼lt a magyar Å±rhajÃ³s kÃ¼ldetÃ©se ðŸš€ðŸ‘¨ðŸ»â€ðŸš€ #chart,2025-07-07T13:01:09Z,5888,62,3.7699678013294426,3.7699678013294426,14,PeopleBlogs,682,4KV_OmLhD3g,2025-7-08T00:00:00Z,0.010529891304347826,0.002377717391304348,31,11-100 Comments,<= 1 month
Clean + Pack for Vacation - Family of 6 in a 400 SQ FT TRAILER - Mom Get It Done #summervacation,2025-07-07T11:11:21Z,1618,50,3.2089785172762535,3.2089785172762535,2,PeopleBlogs,1601,t7dKhQiy4r0,2025-7-08T00:00:00Z,0.030902348578491966,0.0012360939431396785,31,1-10 Comments,<= 1 month
MESSY COUCH EPS 3: Is This Even A Thing?,2025-07-07T11:00:20Z,15,0,1.1760912590556813,1.1760912590556813,0,PeopleBlogs,2452,5q4uxHuQ8fw,2025-7-08T00:00:00Z,0.0,0.0,31,No Comments,<= 1 month
"Girl brought home a pig, it shaved the cat, sewing machine explodedâ€¦ Now roast pork for dinner!#cat",2025-07-07T04:34:50Z,24541519,239852,7.389901439927322,7.389901439927322,233,PeopleBlogs,46,RZ1IC3uPqqw,2025-7-08T00:00:00Z,0.009773315172544943,9.494114850837065e-06,31,101-1000 Comments,<= 1 month
I CROSSED THE RIVER TO COOK WITH A CASSAVA MASTER,2025-07-06T22:10:54Z,775978,5051,5.889849408611227,5.889849408611227,276,PeopleBlogs,867,I47lYrM0Jik,2025-7-08T00:00:00Z,0.006509205157878188,0.00035568018680941986,32,101-1000 Comments,<= 1 year
Mi suerte en STEAL A BRAINDOTðŸ˜²ðŸ˜²,2025-07-06T21:54:53Z,10993,93,4.041116227969485,4.041116227969485,14,PeopleBlogs,46,1Bgtlypv2xU,2025-7-08T00:00:00Z,0.00845992904575639,0.0012735377058127899,32,11-100 Comments,<= 1 year
"AdiÃ³s..... Luli,Dindon,,beta,Minimini,ðŸ˜­ los amamos dios los bendiga ahora van a ser Ã¡ngeles de dios",2025-07-06T19:25:02Z,768916,4471,5.8858788980211045,5.8858788980211045,538,PeopleBlogs,299,I4E4wkOosUo,2025-7-08T00:00:00Z,0.005814679366796893,0.0006996863116387226,32,101-1000 Comments,<= 1 year
"Touring a Modern Minimalist Apartment with ZERO Visual Clutter in Toronto, 580sqft/54sqm",2025-07-06T19:15:05Z,6617,309,3.8206611346435957,3.8206611346435957,31,PeopleBlogs,783,uAFupcVtPvs,2025-7-08T00:00:00Z,0.04669789935015868,0.004684902523802327,32,11-100 Comments,<= 1 year
KYRIE GOT HIT BY A FIREWORK,2025-07-06T14:31:44Z,1527762,17701,6.184055703626239,6.184055703626239,1750,PeopleBlogs,3309,QWfPH-U1jSQ,2025-7-08T00:00:00Z,0.011586228745053221,0.0011454663749982,32,1001+ Comments,<= 1 year
QUI A VOLÃ‰ Le IPHONE ?,2025-07-06T09:00:15Z,1550286,15852,6.190411825114823,6.190411825114823,2079,PeopleBlogs,1447,B4YZsn7CUuc,2025-7-08T00:00:00Z,0.010225210058015102,0.0013410428785398307,32,1001+ Comments,<= 1 year
Just a Little Jelly Lover! ðŸ“ðŸ®ðŸ’• #unfrezzmyaccount #shortvideo #cute,2025-07-06T08:01:11Z,4209597,13391,6.624240521238608,6.624240521238608,4,PeopleBlogs,5,CigbKHiBwjg,2025-7-08T00:00:00Z,0.0031810646007206867,9.502097231635238e-07,32,1-10 Comments,<= 1 year
"ðŸ’—A Good Husband Fights for Love, He Spoils His Wife Like a Princess!ðŸ’",2025-07-06T06:26:00Z,3092959,68695,6.490374163070824,6.490374163070824,60,PeopleBlogs,59,HDy5MXyVHgQ,2025-7-08T00:00:00Z,0.02221012305691734,1.9398899241794024e-05,32,11-100 Comments,<= 1 year
"ç•¶Sabaèªªå‡ºäº†é‚£å€‹ç¶“å…¸çš„""A""... ç†Ÿæ‚‰çš„æ„Ÿè¦ºçªç„¶å›žä¾†äº†ã€Sameko Sabaã€‘ã€Vtuber ä¸­æ–‡ç²¾è¯ã€‘",2025-07-06T01:00:43Z,110256,6879,5.0424022325706135,5.0424022325706135,315,PeopleBlogs,83,ZGmXUhw45YI,2025-7-08T00:00:00Z,0.062391162385720504,0.0028569873748367437,32,101-1000 Comments,<= 1 year
Por que Isla Residencial Clube Ã© a OPÃ‡ÃƒO CERTA para Quem Busca Lazer em Porto Belo?,2025-07-06T00:21:46Z,12873,64,4.109679769252335,4.109679769252335,3,PeopleBlogs,575,_GhTp85uS0k,2025-7-08T00:00:00Z,0.004971646080944613,0.00023304591004427873,32,1-10 Comments,<= 1 year
MrBEAST CHALLENGED ME TO A TUG-OF-WAR WITH A LION! | BEHIND THE SCENES,2025-07-05T16:41:34Z,639436,23370,5.805797083235683,5.805797083235683,2072,PeopleBlogs,537,DGVjfkWny94,2025-7-08T00:00:00Z,0.03654783277763529,0.0032403555633401934,33,1001+ Comments,<= 1 year
ERA PRA SER 24H COM A TURMA DO TUTU MAS RICHERLLY FOI PICADA POR UMA COBRA,2025-07-05T14:35:07Z,565901,7387,5.752740461374978,5.752740461374978,684,PeopleBlogs,1673,APzmG8uloFs,2025-7-08T00:00:00Z,0.013053519961972147,0.001208691979692561,33,101-1000 Comments,<= 1 year
My Best Friend Has a EVIL Twin...,2025-07-05T13:01:03Z,383522,7307,5.583790281465077,5.583790281465077,420,PeopleBlogs,712,UJw9QiKw_R8,2025-7-08T00:00:00Z,0.019052362054849527,0.001095113187770193,33,101-1000 Comments,<= 1 year
A mesa - (COVER) Will Bressan,2025-07-05T12:45:06Z,24160,1040,4.383096929949094,4.383096929949094,22,PeopleBlogs,824,6wqzAMc14lU,2025-7-08T00:00:00Z,0.04304635761589404,0.0009105960264900663,33,11-100 Comments,<= 1 year
"Pig saved a duck, got electrocuted, became roast pork #animals #cat #shortsfeed #funny #pets #cute",2025-07-05T06:02:56Z,26447238,240832,7.42238032347924,7.42238032347924,186,PeopleBlogs,43,97DrrjqL6qg,2025-7-08T00:00:00Z,0.009106130477594674,7.032870502394239e-06,33,101-1000 Comments,<= 1 year
Harley Quinn gave birth a baby while participating in the squid game#Harley Quinn #joker#squid game,2025-07-04T22:25:56Z,16447677,217193,7.216104568710183,7.216104568710183,145,PeopleBlogs,60,rPvi-M6fGMM,2025-7-08T00:00:00Z,0.01320508665144628,8.815834600837553e-06,34,101-1000 Comments,<= 1 year
BRAZILIAN ADVENTURE - Relaxing in the bathtub and cooking a delicious meal surrounded by nature,2025-07-04T21:01:14Z,67429,3764,4.828846718957342,4.828846718957342,196,PeopleBlogs,492,y0tREkdY1nM,2025-7-08T00:00:00Z,0.05582167909949725,0.0029067611858399206,34,101-1000 Comments,<= 1 year
Fora da Lei | O Acerto Final | A vinganÃ§a Ã© a sua Ãºnica lei | Filme De AÃ§Ã£o Dublado,2025-07-04T19:12:09Z,2771052,11387,6.442644675584168,6.442644675584168,325,PeopleBlogs,5774,gSDVSVDSSgE,2025-7-08T00:00:00Z,0.004109269692521108,0.0001172839773486748,34,101-1000 Comments,<= 1 year
IMITAMOS A LARISSA POR 24 HORAS ATÃ‰ ELA FICAR IRRITADA! - Desafio extremo,2025-07-04T16:06:36Z,255358,1598,5.407149468228102,5.407149468228102,52,PeopleBlogs,633,i5l2IF_uLs4,2025-7-08T00:00:00Z,0.006257881092427102,0.00020363568010401084,34,11-100 Comments,<= 1 year
PEDRO&LEÃƒO - TRAJETÃ“RIA/40 GRAUS DE AMOR/A CARTA/SÃ“ DE OLHAR - NOSSA VIBE AO VIVO EM RECIFE,2025-07-04T15:03:23Z,1286,65,3.109240968588203,3.109240968588203,14,PeopleBlogs,389,O2LvwMd3X88,2025-7-08T00:00:00Z,0.05054432348367029,0.01088646967340591,34,11-100 Comments,<= 1 year
PEDRO&LEÃƒO - FRISSON/A DOR DESSE AMOR/SÃ“ HOJE - NOSSA VIBE AO VIVO EM RECIFE,2025-07-04T15:00:06Z,785,46,2.8948696567452528,2.8948696567452528,10,PeopleBlogs,325,-4nDDcR4FHA,2025-7-08T00:00:00Z,0.05859872611464968,0.012738853503184714,34,1-10 Comments,<= 1 year
URGENT A THIES TROIS PERSONNES AGRESSES ET PLUS DE 7 MILLIONS EMPORTES...,2025-07-04T14:47:23Z,253967,3136,5.404777288868045,5.404777288868045,950,PeopleBlogs,1005,WBzQZUtx2NM,2025-7-08T00:00:00Z,0.012348060968551032,0.0037406434694271305,34,101-1000 Comments,<= 1 year
CuÃ¡nto le dan a mis trenzas ? #laurasofia #humor #comedia,2025-07-04T13:30:01Z,9255187,137840,6.966385198048151,6.966385198048151,715,PeopleBlogs,19,DIYspsgWLgM,2025-7-08T00:00:00Z,0.014893270119771757,7.725397660792807e-05,34,101-1000 Comments,<= 1 year
ThÃ¡nh Ä‚n Chá»±c Lá»«a Bá»‘ Vá»£ Kiáº¿m 100 Báº¡c - Phim HÃ i A Hy 2025 Hay Má»›i Nháº¥t CÆ°á»i Vá»¡ Má»“m,2025-07-04T10:06:34Z,111713,511,5.04810371474274,5.04810371474274,51,PeopleBlogs,1216,0RJzc3pPJDI,2025-7-08T00:00:00Z,0.004574221442446269,0.0004565269932774162,34,11-100 Comments,<= 1 year
La sorciÃ¨re ðŸ§™ a dÃ©chirÃ© mon labubu ðŸ˜¡ðŸ˜¡,2025-07-04T09:55:45Z,386408,1559,5.5870461092545565,5.5870461092545565,86,PeopleBlogs,618,A5fIn622vC4,2025-7-08T00:00:00Z,0.004034595557027805,0.0002225626798617006,34,11-100 Comments,<= 1 year
ãŠã°ã‘ï¼ŸðŸ˜¨ðŸ˜¨ðŸ˜¨ã€€#å¹½éœŠã€€#ãŠã°ã‘ã€€#æ€–ã„ã€€#ææ€–æ˜ åƒã€€#é¢ç™½ã„,2025-07-04T09:00:05Z,375792,1454,5.5749475304403004,5.5749475304403004,10,PeopleBlogs,37,2W1vFINz04c,2025-7-08T00:00:00Z,0.003869161663899178,2.6610465363818282e-05,34,1-10 Comments,<= 1 year
A letter video â£ï¸â£ï¸#nameart #namestatus #nameartvideo #shorts #shortvideo #trendingshorts,2025-07-04T07:16:19Z,703155,17068,5.847051069294058,5.847051069294058,199,PeopleBlogs,11,sEtvQe__ZqM,2025-7-08T00:00:00Z,0.024273453221551437,0.00028301014712261166,34,101-1000 Comments,<= 1 year
"Donâ€™t worry, itâ€™s a wig! #bob #tocaboca #viral #fyp",2025-07-03T21:32:09Z,967,3,2.9854264740830017,2.9854264740830017,0,PeopleBlogs,7,OugdWyXKx4I,2025-7-08T00:00:00Z,0.0031023784901758012,0.0,35,No Comments,<= 1 year
Can a Swimming Pool Stop a 50 Cal Sniper Rifle?,2025-07-03T16:13:54Z,1166315,20966,6.066815861131567,6.066815861131567,1538,PeopleBlogs,905,_OYQ2zK1RGY,2025-7-08T00:00:00Z,0.0179762757059628,0.0013186832030797854,35,1001+ Comments,<= 1 year
Just a reminder in case you needed to hear @christophersturniolo1 @SturnioloTriplets,2025-07-02T23:01:22Z,758,36,2.8796692056320534,2.8796692056320534,0,PeopleBlogs,27,wJ2h7isq6Cc,2025-7-08T00:00:00Z,0.047493403693931395,0.0,36,No Comments,<= 1 year
"Ainda Ã© quarta, mas a cabeÃ§a jÃ¡ tÃ¡ lÃ¡ na terapia do fim de semana! Quem mais? ðŸ»ðŸ¤£",2025-07-02T21:14:53Z,1809,49,3.257438566859814,3.257438566859814,1,PeopleBlogs,30,w6ZHc_Sjx4k,2025-7-08T00:00:00Z,0.027086788280818133,0.000552791597567717,36,1-10 Comments,<= 1 year
Testing a Tsunami Cake from TikTok! ðŸ°,2025-07-02T20:04:28Z,4888328,332455,6.6891603387670076,6.6891603387670076,1858,PeopleBlogs,153,ZBguKhH_V2w,2025-7-08T00:00:00Z,0.06800996168833189,0.0003800890611268311,36,1001+ Comments,<= 1 year
& perfect for a greasy hair day ðŸ«¶ðŸ»âœ¨ #braidhack #4thofjuly,2025-07-02T00:23:34Z,8794468,177404,6.944209572997292,6.944209572997292,772,PeopleBlogs,16,JrnEPPdbXIw,2025-7-08T00:00:00Z,0.020172226449627198,8.778245597118553e-05,36,101-1000 Comments,<= 1 year
FELIX DÂ´ OLEO LE CANTA A LA MALUCA â†’ Al estilo de Me Gusta de NocheðŸŒ™,2025-07-07T21:17:03Z,640,21,2.806179973983887,2.806179973983887,4,Entertainment,434,MC9SN3SEacY,2025-7-08T00:00:00Z,0.0328125,0.00625,31,1-10 Comments,<= 1 month
Â¡Te quitarÃ© a Valentina! | Regalo de Amor Avance CapÃ­tulo 35 y 36,2025-07-07T20:16:20Z,7206,53,3.85769425778655,3.85769425778655,5,Entertainment,47,YU69KFyW21E,2025-7-08T00:00:00Z,0.007354981959478212,0.0006938662225922842,31,1-10 Comments,<= 1 month
He Took a Gang Member Fishingâ€¦ðŸ˜³ðŸ‘,2025-07-07T18:45:05Z,39120419,1221551,7.592403497659874,7.592403497659874,6563,Entertainment,39,13g5LDio4pc,2025-7-08T00:00:00Z,0.031225406864890684,0.00016776405181140826,31,1001+ Comments,<= 1 month
Camping in a Tent Store Until I Get Caught,2025-07-07T17:03:05Z,257584,5334,5.410918883037472,5.410918883037472,434,Entertainment,957,qj0p2xWhTTY,2025-7-08T00:00:00Z,0.020707807938381267,0.0016848872600782657,31,101-1000 Comments,<= 1 month
what could go so wrong with a girl and a zombieâ€¦ ðŸ¤”,2025-07-07T17:00:55Z,1066021,55029,6.027765760126096,6.027765760126096,1079,Entertainment,54,qq-m6ZXKjw8,2025-7-08T00:00:00Z,0.05162093429679153,0.00101217518229003,31,1001+ Comments,<= 1 month
"the hardest seed in minecraft, was BEATEN.",2025-07-07T15:01:26Z,21200693,880368,7.326350057209741,7.326350057209741,4359,Entertainment,47,nYI_sVs70jQ,2025-7-08T00:00:00Z,0.04152543504120361,0.00020560648654268046,31,1001+ Comments,<= 1 month
Bir KAMERA Ve Biraz YAÅž MAMA! ðŸ˜½ðŸˆ,2025-07-07T13:15:07Z,2038746,5857,6.309363121967581,6.309363121967581,53,Entertainment,10,NMZqRaBk1gk,2025-7-08T00:00:00Z,0.002872844385715533,2.599637227982299e-05,31,11-100 Comments,<= 1 month
"ðŸŽ¯ ""Wiped ðŸ—¿Out a Rich ðŸ©·YouTuber ðŸ’¸ðŸ”¥ðŸ¤‘#bgmi #viral #shorts",2025-07-07T13:01:09Z,1834,45,3.263399331334002,3.263399331334002,2,Entertainment,47,Xv0Xhyd-Bro,2025-7-08T00:00:00Z,0.024536532170119956,0.0010905125408942203,31,1-10 Comments,<= 1 month
Markette PosÌ§eti AcÌ§amamak,2025-07-07T09:57:58Z,4329261,38786,6.636413769098648,6.636413769098648,733,Entertainment,25,0WNgglShKBQ,2025-7-08T00:00:00Z,0.008959034809867088,0.00016931296126521364,31,101-1000 Comments,<= 1 month
Fitness Addict Keeps Growing â€¢ THE RISE OF FREJA â€¢ Free Preview,2025-07-07T05:20:16Z,91588,978,4.961838575467201,4.961838575467201,90,Entertainment,146,KMNOYzYtJcA,2025-7-08T00:00:00Z,0.01067825479320435,0.0009826614840372102,31,11-100 Comments,<= 1 month
Boring History for Deep Sleep : Why You Wouldn't Survive a Week in Medieval Times,2025-07-06T21:13:09Z,2544,69,3.4055171069763763,3.4055171069763763,14,Entertainment,3675,aiYo8v-1fKI,2025-7-08T00:00:00Z,0.027122641509433963,0.00550314465408805,32,11-100 Comments,<= 1 year
"Calligraphy magic, Happy birthday in a beautiful calligraphy style",2025-07-06T19:44:01Z,1213,66,3.083860800866573,3.083860800866573,167,Entertainment,154,bnDjC_sV35Y,2025-7-08T00:00:00Z,0.05441055234954658,0.13767518549051938,32,101-1000 Comments,<= 1 year
ðŸ˜± ADIVINHE A MÃšSICA DO TIKTOK COM EMOJIS ðŸ¤” COMPLETE A MÃšSICA - DANCE SE SOUBER #quiz,2025-07-06T18:44:15Z,1830292,92317,6.262520381463977,6.262520381463977,15955,Entertainment,481,-c7M-0bEPQo,2025-7-08T00:00:00Z,0.05043839999300658,0.008717188295638074,32,1001+ Comments,<= 1 year
I Lived In a POTATO House During a TORNADO!,2025-07-06T16:27:55Z,1755528,15298,6.244407760687452,6.244407760687452,2613,Entertainment,1242,4gFIswl2LU4,2025-7-08T00:00:00Z,0.008714187412561919,0.0014884410843917044,32,1001+ Comments,<= 1 year
When your girlfriend is a cheater! ðŸ˜±ðŸ˜­ #shorts,2025-07-06T14:07:14Z,21707783,276325,7.336615471541417,7.336615471541417,1126,Entertainment,14,t4w7hBwhyNQ,2025-7-08T00:00:00Z,0.012729305429301556,5.187079675524672e-05,32,1001+ Comments,<= 1 year
MalÃ¡ A hlÃ­dÃ¡ Taryho #17,2025-07-06T10:01:04Z,360753,11149,5.557209951347038,5.557209951347038,383,Entertainment,933,fPANubKwx3I,2025-7-08T00:00:00Z,0.030904801900469295,0.0010616682328352086,32,101-1000 Comments,<= 1 year
Eu Jurei Proteger a BebÃª | (Edit) Round 6,2025-07-06T09:43:56Z,3615,170,3.5581083016305497,3.5581083016305497,38,Entertainment,576,0VOlmhbi1bQ,2025-7-08T00:00:00Z,0.04702627939142462,0.010511756569847857,32,11-100 Comments,<= 1 year
A Diary of Brainrot in Real Life ðŸ‘€ #brainrot #anomali #tungtungtungsahur #brainrotanimals #shorts,2025-07-06T08:47:16Z,27165966,145352,7.43402515280837,7.43402515280837,626,Entertainment,18,qVvObkebiCU,2025-7-08T00:00:00Z,0.005350518365516617,2.304353911066516e-05,32,101-1000 Comments,<= 1 year
The â€œInfantilizationâ€ of FNAF (and why you should care),2025-07-05T17:15:07Z,119992,9362,5.079152292117023,5.079152292117023,958,Entertainment,1777,uqL0Shj9F-c,2025-7-08T00:00:00Z,0.07802186812454164,0.007983865591039403,33,101-1000 Comments,<= 1 year
Le invadieron su casa a una abuelita sin imaginar lo que harÃ­a,2025-07-05T17:01:09Z,10204228,77564,7.008780153782876,7.008780153782876,5112,Entertainment,2475,ulAk2MsRHIA,2025-7-08T00:00:00Z,0.007601162968918374,0.0005009688141033305,33,1001+ Comments,<= 1 year
A Secret Hidden in the Shadows: London's Darkest Days! | Criminal Record: Episode 10  | FULL HD!,2025-07-05T16:30:08Z,5333,120,3.7269715836828765,3.7269715836828765,4,Entertainment,2490,8wyVnGDDFYs,2025-7-08T00:00:00Z,0.02250140633789612,0.0007500468779298706,33,1-10 Comments,<= 1 year
We Found A REAL BEAR in our Backyard!,2025-07-05T14:41:23Z,7111692,34706,6.851972939526141,6.851972939526141,5372,Entertainment,1427,oQv9G4zypuQ,2025-7-08T00:00:00Z,0.004880132604167897,0.0007553757952397264,33,1001+ Comments,<= 1 year
Â¡Es Hoy! Â¡Es Hoy! Gran estreno A Ram Sam Sam | @ChikiToonz feat. @LosMeniquesDeLaCasa,2025-07-05T13:30:29Z,39456063,236259,7.59611374835974,7.59611374835974,0,Entertainment,19,ifHaLWTciiI,2025-7-08T00:00:00Z,0.005987901022968257,0.0,33,No Comments,<= 1 year
I Hid in the World's Most Exclusive Gymnastics Camp,2025-07-05T13:00:03Z,7543546,12371,6.877575542981143,6.877575542981143,1446,Entertainment,1072,Ea1EjyUri0w,2025-7-08T00:00:00Z,0.0016399449277567871,0.00019168703949044654,33,1001+ Comments,<= 1 year
The Hound Epic Revenge ðŸ˜¡ðŸ”¥ðŸ¥¶Brother Ray #shorts #houseofthedragon #gameofthrones,2025-07-05T10:14:36Z,4657972,113795,6.6681968735756385,6.6681968735756385,713,Entertainment,57,TYpmbeR1RI4,2025-7-08T00:00:00Z,0.02443015973475152,0.00015307090725319946,33,101-1000 Comments,<= 1 year
QUI Mâ€™A AGRESSÃ‰ ?!,2025-07-05T08:00:44Z,1741295,12166,6.2408723529778385,6.2408723529778385,752,Entertainment,776,W3hixBF9sBk,2025-7-08T00:00:00Z,0.006986754111164392,0.00043186249314447006,33,101-1000 Comments,<= 1 year
Watch a 2000-Year-Old Chinese Violin Come to Life,2025-07-05T07:28:39Z,873,8,2.9410142437055695,2.9410142437055695,0,Entertainment,94,ew3rn_xuWog,2025-7-08T00:00:00Z,0.009163802978235968,0.0,33,No Comments,<= 1 year
A disfrutar la cumbia del pato! ðŸ’–#musicainfantil #christell #musicaparaniÃ±os #infantil #kidsdance,2025-07-05T04:11:30Z,7309,130,3.863857961883973,3.863857961883973,0,Entertainment,16,co8fJZUeiaI,2025-7-08T00:00:00Z,0.017786290874264605,0.0,33,No Comments,<= 1 year
VAMOS A BAILAR ARAM SAM SAMðŸŽ‰ Haz este baile y usa el hashtag #CoreoChikiMeÃ±iquesðŸ¥³ @ChikiToonz,2025-07-05T00:18:08Z,1467545,23461,6.166591427093111,6.166591427093111,0,Entertainment,60,EIAYkExaCjc,2025-7-08T00:00:00Z,0.015986562592629188,0.0,33,No Comments,<= 1 year
We Floated a Bush Hog to Clear Our Cabin Site [Ep 10],2025-07-04T21:00:34Z,71713,3044,4.855597890904916,4.855597890904916,204,Entertainment,2870,TXZFU1_ukAo,2025-7-08T00:00:00Z,0.04244697614100651,0.0028446725140490567,34,101-1000 Comments,<= 1 year
Do you have a teacher like this? ðŸ˜­ #Shorts,2025-07-04T19:38:41Z,6463560,186010,6.81047178463596,6.81047178463596,1819,Entertainment,16,FsCNjEbG55Q,2025-7-08T00:00:00Z,0.02877825842105589,0.00028142385929735315,34,1001+ Comments,<= 1 year
MELHOR A CAROL FICAR ESPERTA,2025-07-04T15:01:58Z,4956035,43184,6.6951343647446215,6.6951343647446215,47,Entertainment,11,ylxh3XF7jAc,2025-7-08T00:00:00Z,0.008713417076352366,9.483387425633596e-06,34,11-100 Comments,<= 1 year
The Pope Of Rhode Island- Papal Picnic: A Rhode Island BBQ Celebration,2025-07-04T13:00:06Z,31,8,1.4913616938342726,1.4913616938342726,9,Entertainment,381,4tEDhwpwsMk,2025-7-08T00:00:00Z,0.25806451612903225,0.2903225806451613,34,1-10 Comments,<= 1 year
What its Really Like to run a Hot Dog Cart at a Home Depot,2025-07-04T10:00:13Z,526,20,2.7209857441537393,2.7209857441537393,4,Entertainment,843,935MJVPoCa8,2025-7-08T00:00:00Z,0.03802281368821293,0.0076045627376425855,34,1-10 Comments,<= 1 year
A Historia de AKHENATON  o FarÃ¡o Louco | Que Implantou o Monoteismo no Egito Antigo,2025-07-03T19:00:43Z,8062,398,3.9064427938170323,3.9064427938170323,27,Entertainment,1180,jIHzzXyaYLw,2025-7-08T00:00:00Z,0.049367402629620444,0.003349044902009427,35,11-100 Comments,<= 1 year
I Snuck a Hot Tub Into My Room! | Jazzy Skye,2025-07-03T15:03:07Z,3883418,4522,6.589214139277216,6.589214139277216,6332,Entertainment,1477,QZVDLn-NJx4,2025-7-08T00:00:00Z,0.0011644381315634835,0.0016305223903272839,35,1001+ Comments,<= 1 year
"New Shop is OPEN!! A for Adley stuff, SSG merch, Fingerboards, Secret Skate Basement, & Fun Parks",2025-07-03T13:00:13Z,266982,1719,5.426481982097943,5.426481982097943,352,Entertainment,1700,8Xd2v0UDg6w,2025-7-08T00:00:00Z,0.006438636312560397,0.0013184409435842116,35,101-1000 Comments,<= 1 year
Nadie me obligÃ³ a ponerme este traje ðŸ˜«ðŸ¤£ #anaemilia #capibara,2025-07-03T00:57:24Z,8969190,45882,6.952753224045845,6.952753224045845,393,Entertainment,6,kPbWYUkghvc,2025-7-08T00:00:00Z,0.005115512103099611,4.3816665718977965e-05,35,101-1000 Comments,<= 1 year
Quem viu a MatÃ©ria do Jornal O Povo? ðŸ’€,2025-07-02T19:18:02Z,71108,2065,4.851918463745333,4.851918463745333,111,Entertainment,12,NEQ6_h3wUt0,2025-7-08T00:00:00Z,0.02904033301456939,0.0015610057940034876,36,101-1000 Comments,<= 1 year
MI HERMANO ACABA EN EL HOSPITAL POR PROTEGER A MI HIJASTRA! *esÂ unÂ hÃ©roe!*,2025-07-02T18:40:01Z,835095,14771,5.921735883422462,5.921735883422462,1775,Entertainment,1421,QZTZwkog_g8,2025-7-08T00:00:00Z,0.017687807973943086,0.0021255066788808457,36,1001+ Comments,<= 1 year
Jurassic World Rebirth Cast Answer Rapid-Fire Questions | Off the Cuff,2025-07-02T16:00:05Z,195136,4459,5.290337398349267,5.290337398349267,118,Entertainment,576,eCw6QhLMAws,2025-7-08T00:00:00Z,0.022850729747458182,0.0006047064611347983,36,101-1000 Comments,<= 1 year
M3GAN Does Not Like My Dad,2025-07-02T11:20:01Z,3867628,27219,6.587444695680726,6.587444695680726,95,Entertainment,43,mVAIxe0dhIs,2025-7-08T00:00:00Z,0.00703764684711146,2.4562858682375865e-05,36,11-100 Comments,<= 1 year
Blippi Explores A Spider Playground! |  Blippi and Meekah Best Friend Adventures | Educational Video,2025-07-02T10:27:53Z,1089823,921,6.037355969165153,6.037355969165153,0,Entertainment,7200,JCbtkmCMqMc,2025-7-08T00:00:00Z,0.000845091358872037,0.0,36,No Comments,<= 1 year
Did a REAL BEE Just Help Harper Win the SPELLING BEE?!,2025-07-02T05:00:45Z,22699879,167126,7.356023542225177,7.356023542225177,0,Entertainment,42,Z7oG_w_7GFI,2025-7-08T00:00:00Z,0.00736241809923304,0.0,36,No Comments,<= 1 year
Storytime! I thought my neighbor was a STALKER!,2025-07-01T20:45:19Z,14760693,247751,7.169106747663908,7.169106747663908,538,Entertainment,29,ZH2pBDiOMUE,2025-7-08T00:00:00Z,0.016784510049765278,3.644815321340265e-05,37,101-1000 Comments,<= 1 year
How a YouTuberâ€™s Retirement Changed Everything,2025-07-01T19:08:30Z,3039,59,3.482730700079943,3.482730700079943,11,Entertainment,903,Cf7BDIRtVcY,2025-7-08T00:00:00Z,0.01941428101349128,0.0036196117143797303,37,11-100 Comments,<= 1 year
CAN YOU NAME ALL OF THE LABUBUâ€™S?! ðŸ˜±ðŸ¤­ @agset211  #fun #labubu #toys #trend #cute #satisfying,2025-07-01T15:01:45Z,3426268,43265,6.534821330132418,6.534821330132418,2169,Entertainment,31,sO5SnmWqbaw,2025-7-08T00:00:00Z,0.012627441869696124,0.000633050304296103,37,1001+ Comments,<= 1 year
NOTICIAS ISRAEL | ISRAEL PODRÃA VOLVER A ATACAR A IRÃN EN HORAS,2025-07-07T20:38:54Z,128854,15233,5.110097904850166,5.110097904850166,680,NewsPolitics,1915,S8yNGN3ceoA,2025-7-08T00:00:00Z,0.11821906964471417,0.005277290576932031,31,101-1000 Comments,<= 1 month
â€œThis Is Why You Gotta Give a Damn About YOU ðŸ’¯â€,2025-07-07T18:19:50Z,1072,53,3.030194785356751,3.030194785356751,6,NewsPolitics,34,odJ3LUh7Wcs,2025-7-08T00:00:00Z,0.049440298507462684,0.005597014925373134,31,1-10 Comments,<= 1 month
"NiÃ±o Cubano rompe el Silencio y le Canta a Bukele, Con el Alma Destrozado le pide estoðŸ˜¢",2025-07-07T16:55:32Z,8394,546,3.9239689648754714,3.9239689648754714,33,NewsPolitics,229,h7-6UwjJNJo,2025-7-08T00:00:00Z,0.06504646175839886,0.003931379556826304,31,11-100 Comments,<= 1 month
"Mujer insulta a policÃ­a de la CDMX y es bautizada como ""Lady Racista"" | Noticias con Francisco Zea",2025-07-07T12:13:50Z,142501,2139,5.15381791201441,5.15381791201441,2134,NewsPolitics,243,r7uAmlQIQ3Q,2025-7-08T00:00:00Z,0.015010420979501898,0.014975333506431534,31,1001+ Comments,<= 1 month
ê·¸ëŒ€ ì•ˆì˜ ìž‘ì€ ë³„(A Little Star Inside You Eunyul) - ì€ìœ¨ Eunyul. ë³„ë¹›ì— ì –ì–´ë“œëŠ” ìµœì‹  ê°ì„± ë°œë¼ë“œ.,2025-07-07T03:38:51Z,407,5,2.60959440922522,2.60959440922522,4,NewsPolitics,60,FsvAxeMhVrg,2025-7-08T00:00:00Z,0.012285012285012284,0.009828009828009828,31,1-10 Comments,<= 1 month
Adana'da katliam gibi kaza! 5 kiÅŸi hayatÄ±nÄ± kaybetti | A Haber,2025-07-06T16:01:02Z,49832,128,4.697508317866085,4.697508317866085,52,NewsPolitics,150,_Y14tG4O2Fo,2025-7-08T00:00:00Z,0.0025686305988120084,0.0010435061807673783,32,11-100 Comments,<= 1 year
DIRECTO ÃšLTIMA HORA | ATAQUE HIPERSÃ“NICO A ISRAEL: YEMEN ATACA BARCO! IRÃN RUSIA TRUMP UCRANIA,2025-07-06T14:33:34Z,297628,20497,5.473673785991699,5.473673785991699,962,NewsPolitics,3595,gsfTe-EVAYQ,2025-7-08T00:00:00Z,0.06886784845511847,0.0032322227747389356,32,101-1000 Comments,<= 1 year
Iran vs The World: The Nuclear Countdown Begins | SKB Sohag,2025-07-06T13:12:27Z,31,10,1.4913616938342726,1.4913616938342726,2,NewsPolitics,309,bOPYmOxeHys,2025-7-08T00:00:00Z,0.3225806451612903,0.06451612903225806,32,1-10 Comments,<= 1 year
TRUMP en SHOCK TOTAL al ver a EEUU REBELANDOSE Contra El,2025-07-06T11:09:15Z,439410,18521,5.642869936279077,5.642869936279077,1435,NewsPolitics,1216,MQIup-Z-7sQ,2025-7-08T00:00:00Z,0.04214970073507658,0.003265742700439225,32,1001+ Comments,<= 1 year
"Komen A, B, atau C #shortvideo #viralshort #anomali #brainrot #trending #fypã‚·ã‚šviral",2025-07-06T10:16:35Z,32487,238,4.511709608433287,4.511709608433287,9,NewsPolitics,5,48o_nyMzr9k,2025-7-08T00:00:00Z,0.007326007326007326,0.00027703389047926865,32,1-10 Comments,<= 1 year
"A ,B atau C lagi bro ? shortvideo #viralshort #anomali #brainrot #trending #fypã‚·ã‚šviral",2025-07-06T10:10:47Z,1517,10,3.1809855807867304,3.1809855807867304,0,NewsPolitics,5,2wgoiV6ZWgw,2025-7-08T00:00:00Z,0.0065919578114700065,0.0,32,No Comments,<= 1 year
Chuck Norris Kicked Off The View After Heated Clash With Joy Behar,2025-07-06T02:20:02Z,91,0,1.9590413923210936,1.9590413923210936,0,NewsPolitics,545,xNbIgKQCVP8,2025-7-08T00:00:00Z,0.0,0.0,32,No Comments,<= 1 year
Muskâ€™s political party: A political vision or personal rivalry with Trump? | DW News,2025-07-06T01:36:29Z,742926,5725,5.870945557512703,5.870945557512703,2126,NewsPolitics,303,RBstbWODYSM,2025-7-08T00:00:00Z,0.007706016480780051,0.0028616578232556135,32,1001+ Comments,<= 1 year
Â¡CRISIS EN VENEZUELA! TRUMP Y MARÃA CORINA ACELERAN PLAN PARA SACAR A MADURO DEL PODER,2025-07-06T00:16:51Z,45201,632,4.6551480429900955,4.6551480429900955,0,NewsPolitics,0,tFAy5lXy27I,2025-7-08T00:00:00Z,0.013981991548859539,0.0,32,No Comments,<= 1 year
"â€œLady Racistaâ€ Insulta a policÃ­a en la Condesa, CDMX y no recibe sanciÃ³n - Las Noticias",2025-07-05T22:14:12Z,323448,3145,5.50980447007954,5.50980447007954,3026,NewsPolitics,127,o52JBxfJLwM,2025-7-08T00:00:00Z,0.009723355840815216,0.009355445079270856,33,1001+ Comments,<= 1 year
TRUMP HUMILLADO: PIDEN DEPORTAR A SU PROPIA FAMILIA DE EE.UU. | TheMXFam,2025-07-05T21:34:22Z,1107178,34098,6.044217447620697,6.044217447620697,2994,NewsPolitics,987,X35BtEzX89M,2025-7-08T00:00:00Z,0.030797215985144212,0.0027041722288557034,33,1001+ Comments,<= 1 year
â€˜A tool of autocratsâ€™: Trumpâ€™s DOJ targets naturalized Americans,2025-07-05T20:17:20Z,826100,7324,5.9170326221623935,5.9170326221623935,2449,NewsPolitics,585,AAzBG27Ai4I,2025-7-08T00:00:00Z,0.00886575475124077,0.0029645321389662267,33,1001+ Comments,<= 1 year
"AtenciÃ³n | Capturaron a alias El CosteÃ±o, seÃ±alado determinador del ataque contra Miguel Uribe",2025-07-05T17:49:25Z,283815,3287,5.453035344768663,5.453035344768663,859,NewsPolitics,296,_bFO29IbYuM,2025-7-08T00:00:00Z,0.011581487941088386,0.0030266194528125717,33,101-1000 Comments,<= 1 year
"Muncul di A, B atau C7 #shortvideo #anomali #viralshort #trending",2025-07-05T10:46:40Z,190,2,2.278753600952829,2.278753600952829,0,NewsPolitics,5,omN-kvHWdhw,2025-7-08T00:00:00Z,0.010526315789473684,0.0,33,No Comments,<= 1 year
Â¡Agreden a Luisito Comunica! ManifestaciÃ³n contra la gentrificaciÃ³n termina en destrozos y pintas,2025-07-05T03:48:21Z,208821,2653,5.319774171176588,5.319774171176588,1691,NewsPolitics,166,kvYkTMIK-pA,2025-7-08T00:00:00Z,0.012704660929695768,0.008097844565441215,33,1001+ Comments,<= 1 year
ELEIÃ‡Ã•ES 2026 SEM BOLSONARO Ã‰ GOLPE | Brasil tem a melhor regulaÃ§Ã£o de redes no mundo,2025-07-05T00:26:48Z,36,10,1.5563025007672873,1.5563025007672873,0,NewsPolitics,1887,UQUT6WnzbEc,2025-7-08T00:00:00Z,0.2777777777777778,0.0,33,No Comments,<= 1 year
Can You Buy from a Liquor Store Near Me on July 4? Tennessee Alcohol Law Explained #breakingnews,2025-07-04T21:00:48Z,11,0,1.0413926851582251,1.0413926851582251,0,NewsPolitics,85,jKzM3mtSaGU,2025-7-08T00:00:00Z,0.0,0.0,34,No Comments,<= 1 year
How a Cop Cheated Death in Horrific Car Crash,2025-07-04T17:03:51Z,486833,17357,5.687380009229666,5.687380009229666,2722,NewsPolitics,548,_M0QuNF29-M,2025-7-08T00:00:00Z,0.03565288302148786,0.005591239706429104,34,1001+ Comments,<= 1 year
"â€˜The Fiveâ€™: Itâ€™s a 'big, beautiful' win for America",2025-07-03T22:30:06Z,829624,16240,5.918881307166907,5.918881307166907,4044,NewsPolitics,567,Y_YcZLAqNVg,2025-7-08T00:00:00Z,0.019575132831258498,0.004874497362660675,35,1001+ Comments,<= 1 year
The Struggle Makes You A Winner..,2025-07-03T19:27:03Z,2149,46,3.3322364154914434,3.3322364154914434,2,NewsPolitics,27,8EW3k3mz9Oo,2025-7-08T00:00:00Z,0.021405304792926943,0.0009306654257794323,35,1-10 Comments,<= 1 year
Keralaâ€™s New Tourist Attraction: A $100 Million Fighter Jet | Vantage with Palki Sharma | N18G,2025-07-03T17:29:06Z,1164368,16952,6.066090261337034,6.066090261337034,2556,NewsPolitics,367,bLuhGX2TB5Q,2025-7-08T00:00:00Z,0.014558971046954227,0.0021951822791419894,35,1001+ Comments,<= 1 year
Shels Under the Lights: Oh What a Night!,2025-07-07T23:57:54Z,220,2,2.342422680822206,2.342422680822206,0,HowtoStyle,21,1aNjomqTer8,2025-7-08T00:00:00Z,0.00909090909090909,0.0,31,No Comments,<= 1 month
ðŸ’–ìˆ˜ì˜ì´ ë§‰ ë°œë¼ë„ ì˜ˆì˜ë‹¤ëŠ” ì¿ ì…˜ðŸ’–,2025-07-07T23:43:36Z,36413,88,4.561256461130405,4.561256461130405,3,HowtoStyle,13,g9CTOywr0EE,2025-7-08T00:00:00Z,0.002416719303545437,8.238815807541262e-05,31,1-10 Comments,<= 1 month
Scammed in Canada!! âš ï¸ Don't be a victim,2025-07-07T13:01:47Z,201,14,2.303196057420489,2.303196057420489,9,HowtoStyle,1019,sdWBlBOl1h4,2025-7-08T00:00:00Z,0.06965174129353234,0.04477611940298507,31,1-10 Comments,<= 1 month
Kerala Seeds Aboard the Space Station | Uma Rice & Thilathara Make History,2025-07-07T10:41:25Z,600,7,2.7781512503836434,2.7781512503836434,0,HowtoStyle,77,C6lUz6GqCQ8,2025-7-08T00:00:00Z,0.011666666666666667,0.0,31,No Comments,<= 1 month
"Voudinkatu 21 A, Raisio 4h",2025-07-07T10:29:42Z,73,0,1.863322860120456,1.863322860120456,0,HowtoStyle,223,vlPzAHAooLI,2025-7-08T00:00:00Z,0.0,0.0,31,No Comments,<= 1 month
Simple Curtain Installation: A Beginner's DIY Guide,2025-07-07T08:08:04Z,6092,5,3.784759894664005,3.784759894664005,0,HowtoStyle,239,JdCIHrghVdc,2025-7-08T00:00:00Z,0.0008207485226526593,0.0,31,No Comments,<= 1 month
Just About Everything to Know About Buying a Sunroom,2025-07-07T04:15:28Z,312,9,2.494154594018443,2.494154594018443,0,HowtoStyle,864,xEOGWdORXTI,2025-7-08T00:00:00Z,0.028846153846153848,0.0,31,No Comments,<= 1 month
Fashion Mistakes Women Over 50 Make When Travelling,2025-07-06T18:00:45Z,48067,2891,4.68184701740422,4.68184701740422,423,HowtoStyle,534,h4CRy-AA3po,2025-7-08T00:00:00Z,0.06014521397216385,0.008800216364657665,32,101-1000 Comments,<= 1 year
Does STARLINK really WORK in the WOODS? | Real LIFE Feedback,2025-07-06T16:00:48Z,700,21,2.845098040014257,2.845098040014257,7,HowtoStyle,809,WCJ1GVtg-7w,2025-7-08T00:00:00Z,0.03,0.01,32,1-10 Comments,<= 1 year
Ballerina Cappuccino & Espressona Signora Growing Up! Italian Brainrot Crafts for LOL OMG,2025-07-06T13:00:32Z,2038806,8234,6.309375903003318,6.309375903003318,185,HowtoStyle,2581,ACAaTxZw6mc,2025-7-08T00:00:00Z,0.004038638301044827,9.073938373734431e-05,32,101-1000 Comments,<= 1 year
Trying @salonikukreja CHERRY ICED MOCHA with @ImpulseCoffees Espresso ðŸ˜ #shorts #ashortaday,2025-07-06T12:30:26Z,688899,29163,5.838155554334384,5.838155554334384,79,HowtoStyle,46,OjYe1AtJ5Sw,2025-7-08T00:00:00Z,0.042332765761018666,0.00011467573621096851,32,11-100 Comments,<= 1 year
The Best Paper Balloon Crafts Experiment for Kids!,2025-07-06T10:29:43Z,234330,1604,5.369827892525328,5.369827892525328,0,HowtoStyle,23,nm0U3NASH-4,2025-7-08T00:00:00Z,0.0068450475824691675,0.0,32,No Comments,<= 1 year
A $3 Walmart Watchâ€¦ Transformed,2025-07-05T19:00:33Z,1421,23,3.15259407792747,3.15259407792747,4,HowtoStyle,752,an8yOvlDUPo,2025-7-08T00:00:00Z,0.01618578465869106,0.0028149190710767065,33,1-10 Comments,<= 1 year
As 3 Chaves Mestras para o Sucesso: FaÃ§a esses princÃ­pios trabalharem a seu favor! | Napoleon Hill,2025-07-05T14:01:25Z,1,0,0.0,0.0,0,HowtoStyle,1871,vdQzqfU6WVs,2025-7-08T00:00:00Z,0.0,0.0,33,No Comments,<= 1 year
How to Make a Paper Shotgun,2025-07-05T14:00:59Z,3481,47,3.5417040232842885,3.5417040232842885,5,HowtoStyle,1182,VSO34kaOmAY,2025-7-08T00:00:00Z,0.01350186727951738,0.0014363688595231256,33,1-10 Comments,<= 1 year
ðŸ˜­The Girl Collapsed After A Breakup Her House Was Filled With Garbage Clean It Up!,2025-07-05T10:00:34Z,34641,478,4.539590420533916,4.539590420533916,15,HowtoStyle,5278,JJTnUx638w0,2025-7-08T00:00:00Z,0.013798677867267111,0.00043301290378453276,33,11-100 Comments,<= 1 year
STOP Chasing! Why You're NOT a Queen (Yet) & How to Attract Everything You Desire,2025-07-05T08:54:01Z,73,4,1.863322860120456,1.863322860120456,0,HowtoStyle,456,4gFzUXCpTKU,2025-7-08T00:00:00Z,0.0547945205479452,0.0,33,No Comments,<= 1 year
ãƒ ãƒ€æ¯›ãŒã‚´ãƒƒã‚½ãƒªå‰¥ãŒã‚Œã‚‹ã‚·ãƒ¼ãƒ«ï¼ï¼Ÿï¼ï¼Ÿ,2025-07-05T08:00:07Z,2772403,36001,6.442856360122661,6.442856360122661,174,HowtoStyle,60,7Ei7h3VLAqs,2025-7-08T00:00:00Z,0.012985485876331831,6.276143836231601e-05,33,101-1000 Comments,<= 1 year
Knot Before S1E01 Building a Haven 12 1/2 Footer,2025-07-05T01:01:05Z,69,3,1.8388490907372552,1.8388490907372552,5,HowtoStyle,247,rqo8k1Rw-Vo,2025-7-08T00:00:00Z,0.043478260869565216,0.07246376811594203,33,1-10 Comments,<= 1 year
When Women Hide Their Feelings for a Guy,2025-07-04T21:36:47Z,41,1,1.6127838567197355,1.6127838567197355,0,HowtoStyle,566,JvYij-lh-yo,2025-7-08T00:00:00Z,0.024390243902439025,0.0,34,No Comments,<= 1 year
How to Make a Simple YouTube Intro with InShot on Your Phone (FREE & Easy),2025-07-04T11:01:17Z,155,14,2.1903316981702914,2.1903316981702914,7,HowtoStyle,708,g_MlHiph-WI,2025-7-08T00:00:00Z,0.09032258064516129,0.04516129032258064,34,1-10 Comments,<= 1 year
Who Needs a Hospital?! They Built Their Own CT Scan! ðŸ˜‚ #funnydiy #ctscanfail #comedy #lol #homemade,2025-07-03T12:05:20Z,2295805,2522,6.360934997392992,6.360934997392992,8,HowtoStyle,5,xx2j7pgbNzE,2025-7-08T00:00:00Z,0.0010985253538519169,3.4846165070639712e-06,35,1-10 Comments,<= 1 year
Hits the Spot! Lifehack with a Screwdriver and Nut!,2025-07-03T11:30:29Z,3297986,3963,6.518248807725828,6.518248807725828,56,HowtoStyle,6,V7Ovy_R6ZpY,2025-7-08T00:00:00Z,0.0012016424569419033,1.6980059951740244e-05,35,11-100 Comments,<= 1 year
How to fold a simple Paper Airplane That Flies Far | Flag Ship,2025-07-03T05:50:49Z,480,10,2.681241237375587,2.681241237375587,2,HowtoStyle,359,ANUijaJ7LWA,2025-7-08T00:00:00Z,0.020833333333333332,0.004166666666666667,35,1-10 Comments,<= 1 year
(Reupload) May Allah Ease Your Hardships ðŸ™ | A Powerful Islamic Reminder,2025-07-03T01:48:34Z,165,6,2.2174839442139063,2.2174839442139063,1,HowtoStyle,51,kIS0vDPNWnQ,2025-7-08T00:00:00Z,0.03636363636363636,0.006060606060606061,35,1-10 Comments,<= 1 year
"How to drizzle SAUCE on CHIPS properly, like a dad?ðŸ˜…â¤ï¸ðŸŸ| CHEFKOUDY",2025-07-02T22:42:48Z,97994933,424172,7.991203620314628,7.991203620314628,3118,HowtoStyle,9,tUtu89p6KBo,2025-7-08T00:00:00Z,0.004328509515895072,3.1817971649615805e-05,36,1001+ Comments,<= 1 year
"Ankara skirt made with a denim jacket, a beret, and leather platform boots #fashion #african",2025-07-02T09:01:15Z,258,0,2.41161970596323,2.41161970596323,0,HowtoStyle,15,kOfDG2Y53Mw,2025-7-08T00:00:00Z,0.0,0.0,36,No Comments,<= 1 year
Drawing a STITCH âœ¨ in four different style #art #shorts #drawing #stitch,2025-07-01T15:44:18Z,34850,658,4.542202782434028,4.542202782434028,4,HowtoStyle,42,ZzkAJp0RgKs,2025-7-08T00:00:00Z,0.018880918220946917,0.00011477761836441894,37,1-10 Comments,<= 1 year
I Bought A Rare Vintage Watch In Tokyo's Richest Neighborhood,2025-07-01T00:57:24Z,38946,838,4.590462859514767,4.590462859514767,61,HowtoStyle,632,e1O52WVkMbM,2025-7-08T00:00:00Z,0.02151697221794279,0.0015662712473681509,37,11-100 Comments,<= 1 year
A Spy Ninja Dies...,2025-06-29T15:01:27Z,2404959,19218,6.381107676873868,6.381107676873868,3973,HowtoStyle,1108,pBSKHlE_4CQ,2025-7-08T00:00:00Z,0.007990988619764413,0.001652003215023624,39,1001+ Comments,<= 1 year
First time getting betrayed by a girl : Traitors Storytime ft @ElnaazNorouzi,2025-06-29T12:17:01Z,2431254,98816,6.38583033318968,6.38583033318968,3326,HowtoStyle,1701,BnlfubuNptU,2025-7-08T00:00:00Z,0.040644046241157854,0.0013680183148284794,39,1001+ Comments,<= 1 year
How to Use Google Fit - A Complete Guide,2025-06-29T06:28:56Z,266,2,2.424881636631067,2.424881636631067,4,HowtoStyle,578,0IjeGJXygK4,2025-7-08T00:00:00Z,0.007518796992481203,0.015037593984962405,39,1-10 Comments,<= 1 year
How to Make an Origami Jellyfish,2025-06-27T20:44:16Z,1213,14,3.083860800866573,3.083860800866573,0,HowtoStyle,906,HOVoYNETxM4,2025-7-08T00:00:00Z,0.011541632316570486,0.0,41,No Comments,<= 1 year
Drawing a Angelâœ¨ in four different style #art #shorts #drawing #stitch,2025-06-27T14:31:15Z,36731,598,4.565032752156076,4.565032752156076,8,HowtoStyle,48,2eP-SpQkXfs,2025-7-08T00:00:00Z,0.01628052598622417,0.00021779967874547385,41,1-10 Comments,<= 1 year
Come abbinare gli Orecchini a CERCHIO,2025-06-27T14:01:17Z,37,4,1.568201724066995,1.568201724066995,0,HowtoStyle,230,nG-Xq2YBIbc,2025-7-08T00:00:00Z,0.10810810810810811,0.0,41,No Comments,<= 1 year
"Kitenge coat with leather overall, a white fedora hat, and cute stiletto heels #fashion #aiart",2025-06-27T12:06:25Z,387,9,2.5877109650189114,2.5877109650189114,0,HowtoStyle,14,7i2Q4B16a9A,2025-7-08T00:00:00Z,0.023255813953488372,0.0,41,No Comments,<= 1 year
THE BEST CANTONESE VEGETARIAN DINNER | COOKING WITH WAH JAI,2025-06-27T09:59:16Z,364,30,2.561101383649056,2.561101383649056,4,HowtoStyle,2706,ELGmUdjoD44,2025-7-08T00:00:00Z,0.08241758241758242,0.01098901098901099,41,1-10 Comments,<= 1 year
Let's Do a Medical Checkup ðŸ©º on My BABY Doll! ðŸ‘¶,2025-06-27T06:00:28Z,243718239,1910210,8.386888031444284,8.386888031444284,0,HowtoStyle,49,X125T-bAWgI,2025-7-08T00:00:00Z,0.007837780249183567,0.0,41,No Comments,<= 1 year
The Best Chicken Recipe I've Made This Year,2025-06-26T16:03:29Z,313266,10972,5.49591326173883,5.49591326173883,524,HowtoStyle,701,CfqVPGlgO-M,2025-7-08T00:00:00Z,0.03502454782836312,0.001672699878058902,42,101-1000 Comments,<= 1 year
Drawing a Angelâœ¨ in four different style #art #shorts #drawing #stitch,2025-06-26T16:04:29Z,43104,482,4.634517574042891,4.634517574042891,6,HowtoStyle,24,qrV7zWJnD7o,2025-7-08T00:00:00Z,0.0111822568671121,0.00013919821826280623,42,1-10 Comments,<= 1 year
I Had to Join the Slide Eater Cult,2025-06-25T15:01:32Z,1850267,14045,6.267234403138037,6.267234403138037,1248,HowtoStyle,1040,qiUDJoTRff4,2025-7-08T00:00:00Z,0.0075907963553368245,0.0006744972482349845,43,1001+ Comments,<= 1 year
drawing a Angel ðŸ˜‡ in four different style from stitch #stitch #art #drawing #shorts,2025-06-24T16:27:22Z,7368,115,3.8673496171887924,3.8673496171887924,6,HowtoStyle,25,qR1Zm1jkWGc,2025-7-08T00:00:00Z,0.015608034744842562,0.0008143322475570033,44,1-10 Comments,<= 1 year
"They got a PhD. from school, I got mine in liquidity ðŸ“‰ #shorts #daytrading #trading",2025-06-24T12:03:00Z,26,6,1.414973347970818,1.414973347970818,6,HowtoStyle,11,vnJfGoJiqdk,2025-7-08T00:00:00Z,0.23076923076923078,0.23076923076923078,44,1-10 Comments,<= 1 year
LABUBU HAVE A SEAT LLAVERO X 6,2025-06-24T01:10:48Z,68,0,1.8325089127062364,1.8325089127062364,0,HowtoStyle,24,cuQo_vZwGrc,2025-7-08T00:00:00Z,0.0,0.0,44,No Comments,<= 1 year
URGENCIA MÃXIMA: Aprenda a FAZER NETWORK e ATRAIR PESSOAS de forma INCRÃVEL! NÃƒO PERCA!,2025-07-07T22:30:10Z,97,0,1.9867717342662448,1.9867717342662448,0,Education,43,Wf5Tm41gQ3A,2025-7-08T00:00:00Z,0.0,0.0,31,No Comments,<= 1 month
"""5 Undeniable Signs You Are a True Christian"" â€“ Dr. David Jeremiah | Best Motivational Speech",2025-07-07T19:17:29Z,555,9,2.7442929831226763,2.7442929831226763,3,Education,1207,QLwauHpJQfs,2025-7-08T00:00:00Z,0.016216216216216217,0.005405405405405406,31,1-10 Comments,<= 1 month
"WORLD'S #1 COUPLES THERAPIST: ""If Your Partner Says THIS, the Relationship Is in TROUBLE!""",2025-07-07T14:01:29Z,930345,18411,5.968644027921444,5.968644027921444,1084,Education,6119,uKgB41pMf-s,2025-7-08T00:00:00Z,0.01978943295229189,0.0011651591613863674,31,1001+ Comments,<= 1 month
Turn ANY Word into a Heart Shape!,2025-07-07T13:30:57Z,756,7,2.8785217955012063,2.8785217955012063,0,Education,58,nodc3O-30EY,2025-7-08T00:00:00Z,0.009259259259259259,0.0,31,No Comments,<= 1 month
A Summer Book Series: Ultimate Intention - Chapter 1,2025-07-07T09:03:36Z,49,8,1.6901960800285136,1.6901960800285136,2,Education,1167,ktepYS97DFQ,2025-7-08T00:00:00Z,0.16326530612244897,0.04081632653061224,31,1-10 Comments,<= 1 month
A farmer and a monkey build the house in desert ðŸœï¸ and then an incident #ai #farmer #monkey #story,2025-07-06T02:37:55Z,2348,48,3.370698092575577,3.370698092575577,0,Education,32,wP02rKMcvLs,2025-7-08T00:00:00Z,0.020442930153321975,0.0,32,No Comments,<= 1 year
Uranus ingresa a Geminis | Revolucion de la Mente Divina #pulsoastral #cielosyraÃ­ces #astrologÃ­a2025,2025-07-06T01:19:03Z,841,18,2.924795995797912,2.924795995797912,0,Education,178,_m3ViqlhY5I,2025-7-08T00:00:00Z,0.02140309155766944,0.0,32,No Comments,<= 1 year
ELES CHEGARAM? A Esfera de Buga que Pousou na ColÃ´mbia e Apareceu na China!,2025-07-05T21:17:44Z,273402,15809,5.436801687209809,5.436801687209809,1089,Education,900,A5vvy-WKtzM,2025-7-08T00:00:00Z,0.05782327854221988,0.003983145697544275,33,1001+ Comments,<= 1 year
ðŸ˜¾ Whatâ€™s Crawling Inside Your Cat? The Hidden Parasite Threat! ðŸ˜± #aicatstory #kitten,2025-07-04T13:26:15Z,1225968,4226,6.088479134452548,6.088479134452548,77,Education,493,WjdCA07yfLo,2025-7-08T00:00:00Z,0.0034470720279811545,6.280751210472051e-05,34,11-100 Comments,<= 1 year
Come Shop With Me at Ross | Luxury Brands on a Budget #apartmentmakeover #homedecor,2025-07-04T13:01:04Z,416,23,2.6190933306267428,2.6190933306267428,2,Education,1038,SQW87zWglFQ,2025-7-08T00:00:00Z,0.055288461538461536,0.004807692307692308,34,1-10 Comments,<= 1 year
TheÂ DinoÂ Museum | Good Manners | Fun Story | Kids Cartoon | Sheriff Labrador,2025-07-04T11:40:22Z,2968653,5653,6.472559436736361,6.472559436736361,0,Education,1139,BSyRdyv4gR0,2025-7-08T00:00:00Z,0.0019042306392832034,0.0,34,No Comments,<= 1 year
LÃ m ngÆ°á»i tá»‘t thÃ¬ lÃ m cho chÃ³t #kindness,2025-07-04T10:42:21Z,4418881,59872,6.645312306215105,6.645312306215105,522,Education,36,zm4_VQxhQV8,2025-7-08T00:00:00Z,0.013549131556156412,0.00011812945404051388,34,101-1000 Comments,<= 1 year
How to Make a Rainbow Popsicle! ðŸŒˆðŸ­ #cocomelon,2025-07-04T08:01:01Z,6282143,45607,6.798107817991182,6.798107817991182,0,Education,37,hJRYpJdYEf8,2025-7-08T00:00:00Z,0.007259783803074842,0.0,34,No Comments,<= 1 year
Las marcas mexicanas mÃ¡s valiosas del mundo |QuÃ¡litas,2025-07-03T23:57:14Z,374,1,2.5728716022004803,2.5728716022004803,0,Education,13,WPklNvvlt8Q,2025-7-08T00:00:00Z,0.00267379679144385,0.0,35,No Comments,<= 1 year
Psicopatologia #029 - A memÃ³ria e suas alteraÃ§Ãµes - parte 2,2025-07-03T19:34:51Z,51,4,1.7075701760979363,1.7075701760979363,0,Education,2239,KNEJg5GZ-8o,2025-7-08T00:00:00Z,0.0784313725490196,0.0,35,No Comments,<= 1 year
"Virginia teve um probleminha com o fone, me chamou, eu fui e o Lucas ainda fez a coreografia. ðŸ˜‚",2025-07-03T00:31:07Z,222085,4372,5.346519226548379,5.346519226548379,44,Education,30,pLx-hhmegho,2025-7-08T00:00:00Z,0.019686156201454398,0.00019812234054528672,35,11-100 Comments,<= 1 year
A beautiful firefall created by the setting sun illuminating Horsetail Fall in Yosemite NationalPark,2025-07-02T19:01:59Z,0,0,NA,NA,0,Education,35,UZFW3JFWZ2g,2025-7-08T00:00:00Z,NA,NA,36,No Comments,<= 1 year
7 Genius-Level Puzzles. How Many Can You Solve?,2025-07-02T15:27:02Z,128561,2691,5.1091092418884,5.1091092418884,923,Education,1429,uuMMPRFQ1lA,2025-7-08T00:00:00Z,0.020931697793265452,0.00717947122377704,36,101-1000 Comments,<= 1 year
Real Reason Guantanamo Prison is WORST Place on Earth,2025-07-01T23:11:00Z,227491,3594,5.356964219772678,5.356964219772678,163,Education,1570,DOokqTQnxzw,2025-7-08T00:00:00Z,0.01579842719052622,0.0007165118620077278,37,101-1000 Comments,<= 1 year
Vanished in the Jungle... Most Terrifying Man in Vietnam â€” What Happened to Him?,2025-07-01T13:20:40Z,145361,4678,5.16244790200628,5.16244790200628,333,Education,650,NavSSV-25kk,2025-7-08T00:00:00Z,0.03218194701467381,0.0022908483018141044,37,101-1000 Comments,<= 1 year
BECOME A LAWYER IN CANADA IN JUST 4 YEARS!,2025-07-01T11:43:22Z,348,2,2.5415792439465807,2.5415792439465807,0,Education,56,EakqgYbodN8,2025-7-08T00:00:00Z,0.005747126436781609,0.0,37,No Comments,<= 1 year
A for apple | à¤… à¤¸à¥‡ à¤…à¤¨à¤¾à¤° | abcd | phonics song | nursery rhymes ,2025-07-01T01:35:08Z,2670106,4812,6.4265285026759225,6.4265285026759225,0,Education,234,8XGh_fVu-EA,2025-7-08T00:00:00Z,0.0018021756439631986,0.0,37,No Comments,<= 1 year
El Cheese Cake Vasco MÃS cremoso de YouTube,2025-07-01T01:00:08Z,79184,4600,4.898637436467081,4.898637436467081,234,Education,532,A-k2bRgPynA,2025-7-08T00:00:00Z,0.05809254394827238,0.0029551424530208123,37,101-1000 Comments,<= 1 year
Why Russia is Actually the Craziest Country in the World,2025-06-30T18:11:00Z,131356,2399,5.1184499150160985,5.1184499150160985,126,Education,1521,ho_6Pr2cQ8U,2025-7-08T00:00:00Z,0.018263345412466884,0.0009592253113675812,38,101-1000 Comments,<= 1 year
A Ram Sam Sam | Alimentamos a los Animales | LiaChaCha en EspaÃ±ol - Canciones Infantiles,2025-06-30T15:00:06Z,2387812,1935,6.378000130423541,6.378000130423541,0,Education,1335,1O-lnib6Goo,2025-7-08T00:00:00Z,0.0008103653051412758,0.0,38,No Comments,<= 1 year
ç¬¬äºŒæ¬¡ä¸–ç•Œå¤§æˆ¦ã€ã‚¤ã‚®ãƒªã‚¹ãŒå…ƒå‡¶èª¬ã€å‰ç·¨ã€‘,2025-06-30T10:40:58Z,362916,8988,5.559806115509824,5.559806115509824,1060,Education,1334,NJejzapc40o,2025-7-08T00:00:00Z,0.024766061567966142,0.0029207860772189707,38,1001+ Comments,<= 1 year
Surah An-Naba | Amma Yatasa'aloon | Powerful Quran #shorts,2025-06-30T05:03:45Z,609,38,2.784617292632875,2.784617292632875,7,Education,15,BobTBXQ_LiM,2025-7-08T00:00:00Z,0.06239737274220033,0.011494252873563218,38,1-10 Comments,<= 1 year
"Lunes de Luna | El cuerpo no olvida: ""Diamante a Medio Tallar"" #pulsoastral #astrologia #zodiaco",2025-06-30T04:00:45Z,74,5,1.8692317197309762,1.8692317197309762,2,Education,1027,ZmCfdeBgNro,2025-7-08T00:00:00Z,0.06756756756756757,0.02702702702702703,38,1-10 Comments,<= 1 year
A itu Ayam AAA #shorts #shortvideo #education #art #reels,2025-06-30T01:00:13Z,38343,238,4.583686089566426,4.583686089566426,1,Education,28,FaD3N8N0_tg,2025-7-08T00:00:00Z,0.006207130375818272,2.6080379730328874e-05,38,1-10 Comments,<= 1 year
WOW! ðŸ˜± I SAW A FACE IN THE CLOUDS ABOVE MY HOUSE.,2025-07-07T17:00:06Z,36,6,1.5563025007672873,1.5563025007672873,0,ScienceTech,325,I3PHxuuimB4,2025-7-08T00:00:00Z,0.16666666666666666,0.0,31,No Comments,<= 1 month
A Day Full of Thrills at Wild Waters Hyderabad  | Brihaspathi technologies 2025,2025-07-07T11:08:42Z,88,14,1.9444826721501687,1.9444826721501687,0,ScienceTech,54,EG0TgIc6hQQ,2025-7-08T00:00:00Z,0.1590909090909091,0.0,31,No Comments,<= 1 month
ðŸ“žã‚µãƒãƒ¼ãƒˆè©æ¬ºã«è² ã‘ã¾ã—ãŸãƒ»ãƒ»ãƒ»,2025-07-07T08:00:06Z,1972,57,3.2949069106051923,3.2949069106051923,12,ScienceTech,2940,55xdu3y3bhg,2025-7-08T00:00:00Z,0.028904665314401622,0.006085192697768763,31,11-100 Comments,<= 1 month
A Glimpse into My Past Life â€“ Asun Eastwood x Daniel Son Live in Toronto,2025-07-06T23:45:28Z,175,13,2.2430380486862944,2.2430380486862944,19,ScienceTech,622,OgeHhkGJlMU,2025-7-08T00:00:00Z,0.07428571428571429,0.10857142857142857,32,11-100 Comments,<= 1 year
Teclado Logitech K380 Ã© Bom? Vale a Pena? AnÃ¡lise RÃ¡pida em 3 min,2025-07-06T21:00:23Z,222,5,2.346352974450639,2.346352974450639,4,ScienceTech,228,PMr8qMMoVEs,2025-7-08T00:00:00Z,0.02252252252252252,0.018018018018018018,32,1-10 Comments,<= 1 year
Apple a rendu l'iPhone illisible (et c'est voulu),2025-07-06T16:00:28Z,938759,56308,5.972554113667725,5.972554113667725,1787,ScienceTech,573,Aw5y5rGQlXs,2025-7-08T00:00:00Z,0.05998131575835758,0.0019035769563860373,32,1001+ Comments,<= 1 year
A Lua NÃƒO tem luz prÃ³pria. EntÃ£o como ela brilha? #lua #sol #astronomia #universo,2025-07-06T11:00:52Z,15882,553,4.200905191684992,4.200905191684992,12,ScienceTech,26,VysNBFicnSw,2025-7-08T00:00:00Z,0.034819292280569195,0.0007555723460521345,32,11-100 Comments,<= 1 year
China Built a BUBBLE Over a City! #ConstructionTech,2025-07-05T14:15:35Z,39364,144,4.595099223134872,4.595099223134872,10,ScienceTech,9,0-S8LcNMApA,2025-7-08T00:00:00Z,0.003658164820648308,0.0002540392236561325,33,1-10 Comments,<= 1 year
Chanting Sitaram in Vancouver,2025-07-07T20:30:41Z,271,5,2.432969290874406,2.432969290874406,3,NonprofitsActivism,60,IL7uoePkJZA,2025-7-08T00:00:00Z,0.01845018450184502,0.01107011070110701,31,1-10 Comments,<= 1 month
THALA FOR A REASON ðŸ¥ºâ¤ï¸â€ðŸ©¹**â™¡ï¸Ž MSD !! â¤ï¸ðŸ‘‘*#msdhoni #msd#dhoni#csk #thalapathy,2025-07-07T16:46:59Z,0,0,NA,NA,0,NonprofitsActivism,24,hmZQED1NmWw,2025-7-08T00:00:00Z,NA,NA,31,No Comments,<= 1 month
(AO VIVO) CULTO COM A MOCIDADE  - ADPB COSTA E SILVA  - JOÃƒO PESSOA- PB 06/07/25,2025-07-07T12:35:24Z,139,7,2.143014800254095,2.143014800254095,0,NonprofitsActivism,7887,fz947tlSErw,2025-7-08T00:00:00Z,0.050359712230215826,0.0,31,No Comments,<= 1 month
Ð“Ð»Ð°Ð²Ð½Ñ‹Ð¹ Ð·Ð°ÐºÐ¾Ð½ Ð´ÐµÐ½ÐµÐ³ | Ð‘Ð¾Ð± ÐŸÑ€Ð¾ÐºÑ‚Ð¾Ñ€ #ÑÐ¾Ð²ÐµÑ‚,2025-07-07T05:00:57Z,11639,370,4.065915668188592,4.065915668188592,11,NonprofitsActivism,59,vklspXM2TJM,2025-7-08T00:00:00Z,0.03178967265228971,0.0009450983761491537,31,11-100 Comments,<= 1 month
The Untold Power of Psalm 91 | Hidden Hebrew Secrets for Supernatural Protection,2025-07-06T17:00:06Z,81,5,1.9084850188786497,1.9084850188786497,6,NonprofitsActivism,1071,rhMak_KkyLA,2025-7-08T00:00:00Z,0.06172839506172839,0.07407407407407407,32,1-10 Comments,<= 1 year
ÐŸÐ¾Ð¶Ð°Ñ€Ð½Ñ‹Ð¹ Ð±Ð¾Ñ€Ð¾Ð»ÑÑ Ð´Ð¾ ÐºÐ¾Ð½Ñ†Ð° #Ð¼Ð¾Ñ‚Ð¸Ð²Ð°Ñ†Ð¸Ñ,2025-07-06T09:00:53Z,24282,822,4.38528445477521,4.38528445477521,33,NonprofitsActivism,24,bahLeclcPfY,2025-7-08T00:00:00Z,0.03385223622436372,0.0013590313812700766,32,11-100 Comments,<= 1 year
Ð›ÑŽÐ±Ð¸Ñ‚Ðµ ÑÐ²Ð¾Ñ‘ Ð´ÐµÐ»Ð¾ | Ð“Ð°Ñ€Ð¸ Ð’Ð°Ð¹Ð½ÐµÑ€Ñ‡ÑƒÐº #ÑÐ¾Ð²ÐµÑ‚,2025-07-06T05:00:07Z,5502,160,3.7405205860536648,3.7405205860536648,3,NonprofitsActivism,41,890_AC7KF2A,2025-7-08T00:00:00Z,0.029080334423845874,0.0005452562704471102,32,1-10 Comments,<= 1 year
ÐÐµ Ð½Ð°Ð´ÐµÐ¹Ñ‚ÐµÑÑŒ Ð½Ð° ÑƒÐ´Ð°Ñ‡Ñƒ | Ð¡Ð°Ð´Ñ…Ð³ÑƒÑ€Ñƒ #ÑÐ¾Ð²ÐµÑ‚,2025-07-05T05:00:55Z,10188,256,4.0080889362915775,4.0080889362915775,3,NonprofitsActivism,29,hzMUW2CFBF4,2025-7-08T00:00:00Z,0.02512760109933255,0.0002944640753828033,33,1-10 Comments,<= 1 year
